Time (s),dode: 1.,dode: 2.,dode: 3.,dode: 4.,dode: 5.,dode: 6.,dode: 7.,dode: 8.,dode: 9.,dode: 10.
0.0,200.0,0.0,0.0,0.0,0.0,0.0,0.0,0.0,0.0,0.0
0.001,196.0,2.0,0.0,0.0,0.0,0.0,0.0,0.0,0.0,0.0
0.002,190.0,5.0,0.0,0.0,0.0,0.0,0.0,0.0,0.0,0.0
0.003,188.0,6.0,0.0,0.0,0.0,0.0,0.0,0.0,0.0,0.0
0.004,186.0,7.0,0.0,0.0,0.0,0.0,0.0,0.0,0.0,0.0
0.005,186.0,7.0,0.0,0.0,0.0,0.0,0.0,0.0,0.0,0.0
0.006,184.0,8.0,0.0,0.0,0.0,0.0,0.0,0.0,0.0,0.0
0.007,182.0,9.0,0.0,0.0,0.0,0.0,0.0,0.0,0.0,0.0
0.008,180.0,10.0,0.0,0.0,0.0,0.0,0.0,0.0,0.0,0.0
0.009,176.0,12.0,0.0,0.0,0.0,0.0,0.0,0.0,0.0,0.0
0.01,175.0,11.0,1.0,0.0,0.0,0.0,0.0,0.0,0.0,0.0
0.011,171.0,13.0,1.0,0.0,0.0,0.0,0.0,0.0,0.0,0.0
0.012,170.0,12.0,2.0,0.0,0.0,0.0,0.0,0.0,0.0,0.0
0.013,167.0,12.0,3.0,0.0,0.0,0.0,0.0,0.0,0.0,0.0
0.014,165.0,13.0,3.0,0.0,0.0,0.0,0.0,0.0,0.0,0.0
0.015,163.0,14.0,3.0,0.0,0.0,0.0,0.0,0.0,0.0,0.0
0.016,161.0,15.0,3.0,0.0,0.0,0.0,0.0,0.0,0.0,0.0
0.017,159.0,16.0,3.0,0.0,0.0,0.0,0.0,0.0,0.0,0.0
0.018,155.0,18.0,3.0,0.0,0.0,0.0,0.0,0.0,0.0,0.0
0.019,148.0,15.0,6.0,1.0,0.0,0.0,0.0,0.0,0.0,0.0
0.02,146.0,16.0,6.0,1.0,0.0,0.0,0.0,0.0,0.0,0.0
0.021,146.0,16.0,6.0,1.0,0.0,0.0,0.0,0.0,0.0,0.0
0.022,144.0,14.0,8.0,1.0,0.0,0.0,0.0,0.0,0.0,0.0
0.023,144.0,14.0,8.0,1.0,0.0,0.0,0.0,0.0,0.0,0.0
0.024,143.0,14.0,7.0,2.0,0.0,0.0,0.0,0.0,0.0,0.0
0.025,141.0,15.0,5.0,2.0,0.0,1.0,0.0,0.0,0.0,0.0
0.026,139.0,16.0,5.0,2.0,0.0,1.0,0.0,0.0,0.0,0.0
0.027,139.0,16.0,5.0,2.0,0.0,1.0,0.0,0.0,0.0,0.0
0.028,132.0,18.0,6.0,2.0,0.0,1.0,0.0,0.0,0.0,0.0
0.029,131.0,17.0,7.0,2.0,0.0,1.0,0.0,0.0,0.0,0.0
0.03,129.0,18.0,7.0,2.0,0.0,1.0,0.0,0.0,0.0,0.0
0.031,129.0,18.0,7.0,2.0,0.0,1.0,0.0,0.0,0.0,0.0
0.032,129.0,18.0,7.0,2.0,0.0,1.0,0.0,0.0,0.0,0.0
0.033,129.0,18.0,7.0,2.0,0.0,1.0,0.0,0.0,0.0,0.0
0.034,126.0,19.0,7.0,2.0,0.0,0.0,1.0,0.0,0.0,0.0
0.035,123.0,18.0,7.0,2.0,1.0,0.0,1.0,0.0,0.0,0.0
0.036,123.0,18.0,7.0,2.0,1.0,0.0,1.0,0.0,0.0,0.0
0.037,122.0,17.0,8.0,2.0,1.0,0.0,1.0,0.0,0.0,0.0
0.038,120.0,18.0,8.0,2.0,1.0,0.0,1.0,0.0,0.0,0.0
0.039,118.0,19.0,8.0,2.0,1.0,0.0,1.0,0.0,0.0,0.0
0.04,118.0,17.0,8.0,3.0,1.0,0.0,1.0,0.0,0.0,0.0
0.041,117.0,17.0,7.0,4.0,1.0,0.0,1.0,0.0,0.0,0.0
0.042,115.0,16.0,8.0,3.0,2.0,0.0,1.0,0.0,0.0,0.0
0.043,114.0,16.0,7.0,4.0,2.0,0.0,1.0,0.0,0.0,0.0
0.044,112.0,17.0,7.0,4.0,2.0,0.0,1.0,0.0,0.0,0.0
0.045,112.0,17.0,7.0,4.0,2.0,0.0,1.0,0.0,0.0,0.0
0.046,108.0,16.0,9.0,4.0,2.0,0.0,1.0,0.0,0.0,0.0
0.047,108.0,16.0,9.0,4.0,2.0,0.0,1.0,0.0,0.0,0.0
0.048,106.0,17.0,9.0,4.0,2.0,0.0,1.0,0.0,0.0,0.0
0.049,104.0,16.0,9.0,5.0,2.0,0.0,1.0,0.0,0.0,0.0
0.05,101.0,14.0,10.0,6.0,2.0,0.0,1.0,0.0,0.0,0.0
0.051,101.0,14.0,10.0,6.0,2.0,0.0,1.0,0.0,0.0,0.0
0.052,100.0,13.0,11.0,6.0,2.0,0.0,1.0,0.0,0.0,0.0
0.053,98.0,14.0,11.0,6.0,2.0,0.0,1.0,0.0,0.0,0.0
0.054,95.0,14.0,12.0,6.0,2.0,0.0,1.0,0.0,0.0,0.0
0.055,94.0,13.0,12.0,5.0,2.0,0.0,2.0,0.0,0.0,0.0
0.056,93.0,13.0,10.0,4.0,3.0,1.0,2.0,0.0,0.0,0.0
0.057,93.0,13.0,10.0,4.0,3.0,1.0,2.0,0.0,0.0,0.0
0.058,93.0,13.0,10.0,4.0,3.0,1.0,2.0,0.0,0.0,0.0
0.059,92.0,12.0,8.0,5.0,4.0,1.0,2.0,0.0,0.0,0.0
0.06,91.0,11.0,9.0,5.0,4.0,1.0,2.0,0.0,0.0,0.0
0.061,89.0,12.0,9.0,5.0,4.0,1.0,2.0,0.0,0.0,0.0
0.062,89.0,12.0,9.0,5.0,4.0,1.0,2.0,0.0,0.0,0.0
0.063,86.0,13.0,9.0,4.0,5.0,1.0,2.0,0.0,0.0,0.0
0.064,86.0,13.0,9.0,4.0,5.0,1.0,2.0,0.0,0.0,0.0
0.065,86.0,13.0,9.0,4.0,5.0,1.0,2.0,0.0,0.0,0.0
0.066,86.0,13.0,9.0,4.0,5.0,1.0,2.0,0.0,0.0,0.0
0.067,83.0,12.0,10.0,3.0,5.0,2.0,2.0,0.0,0.0,0.0
0.068,81.0,12.0,9.0,3.0,6.0,2.0,2.0,0.0,0.0,0.0
0.069,80.0,12.0,9.0,3.0,6.0,1.0,3.0,0.0,0.0,0.0
0.07,78.0,11.0,10.0,2.0,7.0,1.0,3.0,0.0,0.0,0.0
0.071,76.0,12.0,10.0,2.0,7.0,1.0,3.0,0.0,0.0,0.0
0.072,76.0,11.0,10.0,2.0,6.0,1.0,4.0,0.0,0.0,0.0
0.073,74.0,12.0,10.0,2.0,6.0,1.0,4.0,0.0,0.0,0.0
0.074,74.0,12.0,10.0,2.0,6.0,1.0,4.0,0.0,0.0,0.0
0.075,73.0,11.0,11.0,2.0,6.0,1.0,4.0,0.0,0.0,0.0
0.076,71.0,12.0,11.0,2.0,6.0,1.0,4.0,0.0,0.0,0.0
0.077,69.0,13.0,11.0,2.0,6.0,1.0,4.0,0.0,0.0,0.0
0.078,69.0,13.0,11.0,2.0,6.0,1.0,4.0,0.0,0.0,0.0
0.079,66.0,14.0,10.0,3.0,6.0,1.0,4.0,0.0,0.0,0.0
0.08,64.0,13.0,11.0,3.0,5.0,2.0,4.0,0.0,0.0,0.0
0.081,64.0,13.0,11.0,3.0,5.0,2.0,4.0,0.0,0.0,0.0
0.082,62.0,14.0,11.0,3.0,5.0,2.0,4.0,0.0,0.0,0.0
0.083,62.0,14.0,11.0,3.0,5.0,2.0,4.0,0.0,0.0,0.0
0.084,61.0,14.0,11.0,3.0,4.0,3.0,4.0,0.0,0.0,0.0
0.085,60.0,14.0,11.0,3.0,3.0,4.0,4.0,0.0,0.0,0.0
0.086,60.0,14.0,11.0,3.0,3.0,4.0,4.0,0.0,0.0,0.0
0.087,60.0,14.0,11.0,3.0,3.0,4.0,4.0,0.0,0.0,0.0
0.088,57.0,15.0,11.0,3.0,3.0,4.0,3.0,1.0,0.0,0.0
0.089,55.0,13.0,13.0,3.0,3.0,4.0,3.0,1.0,0.0,0.0
0.09,55.0,13.0,13.0,3.0,3.0,4.0,3.0,1.0,0.0,0.0
0.091,53.0,13.0,12.0,4.0,3.0,3.0,4.0,1.0,0.0,0.0
0.092,52.0,13.0,11.0,5.0,3.0,3.0,4.0,1.0,0.0,0.0
0.093,51.0,12.0,10.0,5.0,3.0,4.0,4.0,1.0,0.0,0.0
0.094,49.0,13.0,10.0,5.0,3.0,4.0,4.0,1.0,0.0,0.0
0.095,49.0,13.0,10.0,5.0,3.0,4.0,4.0,1.0,0.0,0.0
0.096,48.0,12.0,11.0,5.0,3.0,4.0,4.0,1.0,0.0,0.0
0.097,47.0,12.0,10.0,6.0,3.0,4.0,4.0,1.0,0.0,0.0
0.098,46.0,12.0,9.0,7.0,3.0,4.0,4.0,1.0,0.0,0.0
0.099,44.0,11.0,9.0,8.0,3.0,4.0,4.0,1.0,0.0,0.0
0.1,44.0,11.0,9.0,8.0,3.0,4.0,4.0,1.0,0.0,0.0
0.101,44.0,11.0,9.0,8.0,3.0,4.0,4.0,1.0,0.0,0.0
0.102,44.0,11.0,9.0,8.0,3.0,4.0,4.0,1.0,0.0,0.0
0.103,44.0,11.0,9.0,8.0,3.0,4.0,4.0,1.0,0.0,0.0
0.104,44.0,11.0,9.0,8.0,3.0,4.0,4.0,1.0,0.0,0.0
0.105,43.0,11.0,6.0,9.0,3.0,5.0,4.0,1.0,0.0,0.0
0.106,43.0,11.0,6.0,9.0,3.0,5.0,4.0,1.0,0.0,0.0
0.107,43.0,11.0,6.0,9.0,3.0,5.0,4.0,1.0,0.0,0.0
0.108,42.0,11.0,6.0,9.0,2.0,6.0,4.0,1.0,0.0,0.0
0.109,42.0,11.0,6.0,9.0,2.0,6.0,4.0,1.0,0.0,0.0
0.11,42.0,11.0,6.0,9.0,2.0,6.0,4.0,1.0,0.0,0.0
0.111,42.0,11.0,6.0,9.0,2.0,6.0,4.0,1.0,0.0,0.0
0.112,39.0,11.0,7.0,9.0,2.0,6.0,4.0,1.0,0.0,0.0
0.113,38.0,10.0,8.0,9.0,2.0,6.0,4.0,1.0,0.0,0.0
0.114,38.0,10.0,8.0,7.0,2.0,6.0,4.0,2.0,0.0,0.0
0.115,38.0,8.0,8.0,8.0,2.0,6.0,4.0,2.0,0.0,0.0
0.116,36.0,7.0,8.0,9.0,2.0,6.0,4.0,2.0,0.0,0.0
0.117,35.0,7.0,8.0,8.0,3.0,6.0,4.0,2.0,0.0,0.0
0.118,34.0,7.0,8.0,8.0,3.0,6.0,3.0,3.0,0.0,0.0
0.119,34.0,7.0,8.0,8.0,3.0,6.0,3.0,3.0,0.0,0.0
0.12,34.0,6.0,8.0,8.0,3.0,5.0,3.0,4.0,0.0,0.0
0.121,33.0,6.0,7.0,9.0,3.0,5.0,3.0,4.0,0.0,0.0
0.122,32.0,6.0,7.0,8.0,4.0,5.0,3.0,4.0,0.0,0.0
0.123,32.0,6.0,7.0,8.0,4.0,5.0,3.0,4.0,0.0,0.0
0.124,32.0,6.0,7.0,8.0,4.0,5.0,3.0,4.0,0.0,0.0
0.125,32.0,6.0,5.0,8.0,4.0,6.0,3.0,4.0,0.0,0.0
0.126,32.0,6.0,5.0,8.0,4.0,6.0,3.0,4.0,0.0,0.0
0.127,31.0,5.0,6.0,8.0,4.0,6.0,3.0,4.0,0.0,0.0
0.128,31.0,5.0,6.0,8.0,4.0,6.0,3.0,4.0,0.0,0.0
0.129,31.0,5.0,6.0,8.0,4.0,6.0,3.0,4.0,0.0,0.0
0.13,29.0,6.0,6.0,8.0,4.0,6.0,3.0,4.0,0.0,0.0
0.131,29.0,6.0,6.0,8.0,4.0,6.0,3.0,4.0,0.0,0.0
0.132,29.0,6.0,6.0,8.0,4.0,6.0,3.0,4.0,0.0,0.0
0.133,29.0,6.0,6.0,8.0,4.0,6.0,3.0,4.0,0.0,0.0
0.134,29.0,6.0,6.0,8.0,4.0,6.0,3.0,4.0,0.0,0.0
0.135,29.0,6.0,6.0,8.0,4.0,6.0,3.0,4.0,0.0,0.0
0.136,29.0,6.0,6.0,8.0,4.0,6.0,3.0,4.0,0.0,0.0
0.137,29.0,6.0,6.0,8.0,4.0,6.0,3.0,4.0,0.0,0.0
0.138,29.0,6.0,6.0,8.0,4.0,6.0,3.0,4.0,0.0,0.0
0.139,28.0,6.0,6.0,8.0,4.0,5.0,4.0,4.0,0.0,0.0
0.14,27.0,6.0,6.0,8.0,4.0,5.0,4.0,3.0,1.0,0.0
0.141,27.0,6.0,6.0,8.0,4.0,5.0,4.0,3.0,1.0,0.0
0.142,27.0,6.0,6.0,8.0,4.0,5.0,4.0,3.0,1.0,0.0
0.143,27.0,6.0,6.0,8.0,4.0,5.0,4.0,3.0,1.0,0.0
0.144,27.0,6.0,6.0,8.0,4.0,5.0,4.0,3.0,1.0,0.0
0.145,27.0,6.0,6.0,8.0,4.0,5.0,4.0,3.0,1.0,0.0
0.146,27.0,6.0,6.0,8.0,4.0,5.0,4.0,3.0,1.0,0.0
0.147,27.0,6.0,6.0,8.0,4.0,5.0,4.0,3.0,1.0,0.0
0.148,27.0,6.0,6.0,8.0,4.0,5.0,4.0,3.0,1.0,0.0
0.149,27.0,6.0,6.0,8.0,4.0,5.0,4.0,3.0,1.0,0.0
0.15,27.0,5.0,6.0,7.0,4.0,6.0,4.0,3.0,1.0,0.0
0.151,27.0,5.0,6.0,7.0,4.0,6.0,4.0,3.0,1.0,0.0
0.152,27.0,5.0,6.0,7.0,4.0,6.0,4.0,3.0,1.0,0.0
0.153,27.0,5.0,6.0,7.0,4.0,6.0,4.0,3.0,1.0,0.0
0.154,27.0,5.0,6.0,7.0,4.0,6.0,4.0,3.0,1.0,0.0
0.155,27.0,5.0,6.0,7.0,4.0,6.0,4.0,3.0,1.0,0.0
0.156,27.0,5.0,6.0,7.0,4.0,6.0,4.0,3.0,1.0,0.0
0.157,25.0,5.0,6.0,7.0,4.0,5.0,4.0,4.0,1.0,0.0
0.158,25.0,5.0,5.0,7.0,4.0,4.0,4.0,4.0,2.0,0.0
0.159,25.0,5.0,5.0,7.0,4.0,4.0,4.0,4.0,2.0,0.0
0.16,25.0,5.0,5.0,7.0,4.0,4.0,4.0,4.0,2.0,0.0
0.161,25.0,5.0,4.0,6.0,4.0,4.0,5.0,4.0,2.0,0.0
0.162,25.0,5.0,4.0,6.0,4.0,4.0,5.0,4.0,2.0,0.0
0.163,25.0,5.0,4.0,6.0,4.0,4.0,5.0,4.0,2.0,0.0
0.164,25.0,5.0,4.0,6.0,4.0,4.0,5.0,4.0,2.0,0.0
0.165,25.0,5.0,4.0,6.0,4.0,4.0,5.0,4.0,2.0,0.0
0.166,25.0,5.0,4.0,6.0,4.0,4.0,5.0,4.0,2.0,0.0
0.167,24.0,5.0,4.0,6.0,4.0,4.0,5.0,3.0,3.0,0.0
0.168,24.0,5.0,4.0,6.0,4.0,4.0,5.0,3.0,3.0,0.0
0.169,24.0,5.0,4.0,6.0,4.0,4.0,5.0,3.0,3.0,0.0
0.17,24.0,5.0,4.0,6.0,4.0,4.0,5.0,3.0,3.0,0.0
0.171,24.0,5.0,4.0,6.0,4.0,4.0,5.0,3.0,3.0,0.0
0.172,24.0,5.0,4.0,6.0,4.0,4.0,5.0,3.0,3.0,0.0
0.173,24.0,5.0,4.0,6.0,4.0,4.0,5.0,3.0,3.0,0.0
0.174,24.0,5.0,4.0,6.0,4.0,4.0,5.0,3.0,3.0,0.0
0.175,24.0,5.0,4.0,6.0,4.0,4.0,5.0,3.0,3.0,0.0
0.176,24.0,5.0,4.0,6.0,4.0,4.0,5.0,3.0,3.0,0.0
0.177,24.0,5.0,4.0,6.0,4.0,4.0,5.0,3.0,3.0,0.0
0.178,24.0,5.0,4.0,6.0,4.0,4.0,5.0,3.0,3.0,0.0
0.179,23.0,5.0,3.0,7.0,4.0,4.0,5.0,3.0,3.0,0.0
0.18,22.0,5.0,3.0,7.0,4.0,4.0,4.0,4.0,3.0,0.0
0.181,21.0,5.0,3.0,7.0,4.0,4.0,4.0,3.0,4.0,0.0
0.182,20.0,5.0,3.0,7.0,4.0,4.0,4.0,3.0,3.0,1.0
0.183,19.0,5.0,3.0,6.0,5.0,4.0,4.0,3.0,3.0,1.0
0.184,19.0,5.0,3.0,6.0,5.0,4.0,4.0,3.0,3.0,1.0
0.185,19.0,5.0,3.0,6.0,5.0,4.0,4.0,3.0,3.0,1.0
0.186,19.0,5.0,3.0,6.0,5.0,4.0,4.0,3.0,3.0,1.0
0.187,19.0,4.0,3.0,5.0,5.0,5.0,4.0,3.0,3.0,1.0
0.188,19.0,4.0,3.0,5.0,5.0,5.0,4.0,3.0,3.0,1.0
0.189,19.0,4.0,3.0,5.0,5.0,5.0,4.0,3.0,3.0,1.0
0.19,19.0,4.0,3.0,5.0,5.0,5.0,4.0,3.0,3.0,1.0
0.191,19.0,4.0,3.0,5.0,5.0,5.0,4.0,3.0,3.0,1.0
0.192,19.0,4.0,3.0,5.0,5.0,5.0,4.0,3.0,3.0,1.0
0.193,19.0,4.0,3.0,5.0,5.0,5.0,4.0,3.0,3.0,1.0
0.194,19.0,4.0,3.0,5.0,5.0,5.0,4.0,3.0,3.0,1.0
0.195,19.0,4.0,3.0,5.0,5.0,5.0,4.0,3.0,3.0,1.0
0.196,19.0,4.0,3.0,5.0,5.0,5.0,4.0,3.0,3.0,1.0
0.197,18.0,4.0,3.0,4.0,6.0,5.0,4.0,3.0,3.0,1.0
0.198,16.0,5.0,3.0,4.0,6.0,5.0,4.0,3.0,3.0,1.0
0.199,16.0,5.0,3.0,4.0,6.0,5.0,4.0,3.0,3.0,1.0
0.2,16.0,5.0,3.0,4.0,6.0,5.0,4.0,3.0,3.0,1.0
0.201,16.0,5.0,3.0,4.0,6.0,5.0,4.0,3.0,3.0,1.0
0.202,16.0,5.0,3.0,4.0,6.0,5.0,4.0,3.0,3.0,1.0
0.203,16.0,5.0,3.0,4.0,6.0,5.0,4.0,3.0,3.0,1.0
0.204,16.0,5.0,3.0,4.0,6.0,5.0,4.0,3.0,3.0,1.0
0.205,16.0,5.0,3.0,4.0,6.0,5.0,4.0,3.0,3.0,1.0
0.206,15.0,4.0,3.0,3.0,6.0,5.0,5.0,3.0,3.0,1.0
0.207,15.0,4.0,3.0,3.0,6.0,5.0,5.0,3.0,3.0,1.0
0.208,15.0,4.0,3.0,3.0,6.0,5.0,5.0,3.0,3.0,1.0
0.209,15.0,4.0,3.0,3.0,6.0,5.0,5.0,3.0,3.0,1.0
0.21,15.0,4.0,3.0,3.0,6.0,5.0,5.0,3.0,3.0,1.0
0.211,15.0,4.0,3.0,3.0,6.0,5.0,5.0,3.0,3.0,1.0
0.212,15.0,4.0,3.0,3.0,6.0,5.0,5.0,3.0,3.0,1.0
0.213,15.0,3.0,3.0,3.0,6.0,4.0,5.0,4.0,3.0,1.0
0.214,14.0,3.0,3.0,3.0,5.0,5.0,5.0,4.0,3.0,1.0
0.215,14.0,3.0,3.0,3.0,5.0,5.0,5.0,4.0,3.0,1.0
0.216,14.0,3.0,3.0,3.0,5.0,5.0,5.0,4.0,3.0,1.0
0.217,14.0,3.0,3.0,3.0,5.0,5.0,5.0,4.0,3.0,1.0
0.218,13.0,3.0,3.0,2.0,6.0,5.0,5.0,4.0,3.0,1.0
0.219,13.0,3.0,3.0,2.0,6.0,5.0,5.0,4.0,3.0,1.0
0.22,13.0,3.0,3.0,2.0,6.0,5.0,5.0,4.0,3.0,1.0
0.221,12.0,3.0,3.0,2.0,6.0,5.0,4.0,5.0,3.0,1.0
0.222,12.0,3.0,3.0,2.0,6.0,5.0,4.0,5.0,3.0,1.0
0.223,12.0,3.0,3.0,2.0,6.0,5.0,4.0,5.0,3.0,1.0
0.224,12.0,3.0,3.0,2.0,6.0,5.0,4.0,5.0,3.0,1.0
0.225,12.0,3.0,3.0,2.0,6.0,5.0,4.0,5.0,3.0,1.0
0.226,12.0,3.0,3.0,2.0,6.0,5.0,4.0,5.0,3.0,1.0
0.227,12.0,3.0,3.0,2.0,6.0,5.0,4.0,5.0,3.0,1.0
0.228,12.0,3.0,3.0,2.0,6.0,5.0,4.0,5.0,3.0,1.0
0.229,11.0,3.0,3.0,2.0,6.0,4.0,5.0,5.0,3.0,1.0
0.23,11.0,3.0,3.0,2.0,6.0,4.0,5.0,5.0,3.0,1.0
0.231,11.0,2.0,3.0,2.0,6.0,4.0,4.0,5.0,4.0,1.0
0.232,11.0,2.0,3.0,2.0,6.0,4.0,4.0,5.0,4.0,1.0
0.233,11.0,2.0,3.0,2.0,6.0,4.0,4.0,5.0,4.0,1.0
0.234,11.0,2.0,3.0,2.0,6.0,4.0,4.0,5.0,4.0,1.0
0.235,11.0,2.0,3.0,2.0,6.0,4.0,4.0,5.0,4.0,1.0
0.236,11.0,2.0,3.0,2.0,6.0,4.0,4.0,5.0,4.0,1.0
0.237,11.0,2.0,3.0,2.0,6.0,4.0,4.0,5.0,4.0,1.0
0.238,11.0,2.0,3.0,2.0,6.0,4.0,4.0,5.0,4.0,1.0
0.239,11.0,2.0,3.0,2.0,6.0,4.0,4.0,5.0,4.0,1.0
0.24,11.0,2.0,3.0,2.0,6.0,4.0,4.0,5.0,4.0,1.0
0.241,11.0,2.0,3.0,2.0,6.0,4.0,4.0,5.0,4.0,1.0
0.242,11.0,2.0,3.0,2.0,6.0,4.0,4.0,5.0,4.0,1.0
0.243,11.0,2.0,3.0,2.0,6.0,4.0,4.0,5.0,4.0,1.0
0.244,11.0,2.0,3.0,2.0,6.0,4.0,4.0,5.0,4.0,1.0
0.245,11.0,2.0,3.0,2.0,6.0,4.0,4.0,5.0,4.0,1.0
0.246,11.0,2.0,3.0,2.0,6.0,4.0,4.0,5.0,4.0,1.0
0.247,11.0,2.0,3.0,2.0,6.0,4.0,4.0,5.0,4.0,1.0
0.248,11.0,2.0,3.0,2.0,6.0,4.0,4.0,5.0,4.0,1.0
0.249,11.0,2.0,3.0,2.0,6.0,4.0,4.0,5.0,4.0,1.0
0.25,11.0,2.0,3.0,2.0,6.0,4.0,4.0,5.0,4.0,1.0
0.251,11.0,2.0,3.0,2.0,6.0,4.0,4.0,5.0,4.0,1.0
0.252,11.0,2.0,3.0,2.0,6.0,4.0,4.0,5.0,4.0,1.0
0.253,11.0,2.0,3.0,2.0,6.0,4.0,4.0,5.0,4.0,1.0
0.254,11.0,2.0,3.0,2.0,6.0,4.0,4.0,5.0,4.0,1.0
0.255,11.0,2.0,3.0,2.0,6.0,4.0,4.0,5.0,4.0,1.0
0.256,11.0,2.0,3.0,2.0,6.0,4.0,4.0,5.0,4.0,1.0
0.257,11.0,2.0,3.0,2.0,6.0,4.0,4.0,5.0,4.0,1.0
0.258,11.0,2.0,3.0,2.0,6.0,4.0,4.0,5.0,4.0,1.0
0.259,11.0,2.0,3.0,2.0,6.0,4.0,4.0,5.0,4.0,1.0
0.26,11.0,2.0,3.0,2.0,6.0,4.0,4.0,5.0,4.0,1.0
0.261,11.0,2.0,3.0,2.0,6.0,4.0,4.0,5.0,4.0,1.0
0.262,11.0,2.0,3.0,2.0,6.0,4.0,4.0,5.0,4.0,1.0
0.263,11.0,2.0,3.0,2.0,6.0,4.0,4.0,5.0,4.0,1.0
0.264,11.0,2.0,3.0,2.0,6.0,4.0,4.0,5.0,4.0,1.0
0.265,10.0,2.0,3.0,2.0,5.0,5.0,4.0,5.0,4.0,1.0
0.266,10.0,2.0,3.0,2.0,5.0,5.0,4.0,5.0,4.0,1.0
0.267,10.0,2.0,3.0,2.0,5.0,5.0,4.0,5.0,4.0,1.0
0.268,9.0,2.0,3.0,2.0,5.0,5.0,3.0,6.0,4.0,1.0
0.269,9.0,2.0,3.0,2.0,5.0,5.0,3.0,6.0,4.0,1.0
0.27,9.0,2.0,3.0,2.0,5.0,5.0,3.0,6.0,4.0,1.0
0.271,9.0,2.0,3.0,2.0,5.0,5.0,3.0,6.0,4.0,1.0
0.272,9.0,2.0,3.0,2.0,5.0,5.0,3.0,6.0,4.0,1.0
0.273,9.0,1.0,3.0,2.0,5.0,5.0,2.0,6.0,5.0,1.0
0.274,8.0,1.0,3.0,2.0,4.0,6.0,2.0,6.0,5.0,1.0
0.275,8.0,1.0,3.0,2.0,4.0,6.0,2.0,6.0,5.0,1.0
0.276,8.0,1.0,3.0,2.0,4.0,6.0,2.0,6.0,5.0,1.0
0.277,7.0,1.0,3.0,2.0,3.0,7.0,2.0,6.0,5.0,1.0
0.278,7.0,1.0,3.0,2.0,3.0,7.0,2.0,6.0,5.0,1.0
0.279,6.0,1.0,3.0,2.0,2.0,8.0,2.0,6.0,5.0,1.0
0.28,6.0,1.0,3.0,2.0,2.0,8.0,2.0,6.0,5.0,1.0
0.281,6.0,1.0,3.0,2.0,2.0,8.0,2.0,6.0,5.0,1.0
0.282,6.0,1.0,3.0,2.0,2.0,8.0,2.0,6.0,5.0,1.0
0.283,6.0,1.0,3.0,2.0,2.0,8.0,2.0,6.0,5.0,1.0
0.284,6.0,1.0,3.0,2.0,2.0,8.0,2.0,6.0,5.0,1.0
0.285,6.0,1.0,3.0,2.0,2.0,8.0,2.0,6.0,5.0,1.0
0.286,6.0,1.0,3.0,2.0,2.0,8.0,2.0,6.0,5.0,1.0
0.287,6.0,1.0,3.0,2.0,2.0,8.0,2.0,6.0,5.0,1.0
0.288,6.0,1.0,3.0,2.0,2.0,8.0,2.0,6.0,5.0,1.0
0.289,6.0,1.0,3.0,2.0,2.0,8.0,2.0,6.0,5.0,1.0
0.29,6.0,1.0,3.0,2.0,2.0,8.0,2.0,6.0,5.0,1.0
0.291,6.0,1.0,3.0,2.0,2.0,8.0,2.0,6.0,5.0,1.0
0.292,5.0,1.0,3.0,2.0,2.0,7.0,3.0,6.0,5.0,1.0
0.293,5.0,1.0,3.0,2.0,2.0,7.0,3.0,6.0,5.0,1.0
0.294,5.0,1.0,3.0,2.0,2.0,7.0,3.0,6.0,5.0,1.0
0.295,5.0,1.0,3.0,2.0,2.0,7.0,3.0,6.0,5.0,1.0
0.296,5.0,1.0,3.0,2.0,2.0,7.0,3.0,6.0,5.0,1.0
0.297,5.0,1.0,3.0,2.0,2.0,7.0,3.0,6.0,5.0,1.0
0.298,5.0,1.0,3.0,2.0,2.0,7.0,3.0,6.0,5.0,1.0
0.299,5.0,1.0,3.0,2.0,2.0,7.0,3.0,6.0,5.0,1.0
0.3,5.0,1.0,3.0,2.0,2.0,7.0,3.0,6.0,5.0,1.0
0.301,5.0,1.0,3.0,2.0,2.0,7.0,3.0,6.0,5.0,1.0
0.302,5.0,0.0,3.0,2.0,2.0,6.0,3.0,7.0,5.0,1.0
0.303,5.0,0.0,3.0,2.0,2.0,6.0,3.0,7.0,5.0,1.0
0.304,5.0,0.0,3.0,2.0,2.0,6.0,3.0,7.0,5.0,1.0
0.305,5.0,0.0,3.0,2.0,2.0,6.0,3.0,7.0,5.0,1.0
0.306,5.0,0.0,3.0,2.0,2.0,6.0,3.0,7.0,5.0,1.0
0.307,5.0,0.0,3.0,2.0,2.0,6.0,3.0,7.0,5.0,1.0
0.308,5.0,0.0,3.0,2.0,2.0,6.0,3.0,7.0,5.0,1.0
0.309,5.0,0.0,3.0,2.0,2.0,6.0,3.0,7.0,5.0,1.0
0.31,5.0,0.0,3.0,2.0,2.0,6.0,3.0,7.0,5.0,1.0
0.311,5.0,0.0,3.0,2.0,2.0,6.0,3.0,7.0,5.0,1.0
0.312,5.0,0.0,3.0,2.0,2.0,6.0,3.0,7.0,5.0,1.0
0.313,5.0,0.0,3.0,2.0,2.0,6.0,3.0,7.0,5.0,1.0
0.314,4.0,0.0,3.0,2.0,2.0,6.0,3.0,7.0,4.0,2.0
0.315,4.0,0.0,3.0,2.0,2.0,6.0,3.0,7.0,4.0,2.0
0.316,4.0,0.0,3.0,2.0,2.0,6.0,3.0,7.0,4.0,2.0
0.317,4.0,0.0,3.0,2.0,2.0,6.0,3.0,7.0,4.0,2.0
0.318,4.0,0.0,3.0,1.0,2.0,5.0,3.0,7.0,4.0,3.0
0.319,4.0,0.0,3.0,1.0,2.0,5.0,3.0,7.0,4.0,3.0
0.32,4.0,0.0,3.0,1.0,2.0,5.0,3.0,7.0,4.0,3.0
0.321,4.0,0.0,3.0,1.0,2.0,5.0,3.0,7.0,4.0,3.0
0.322,4.0,0.0,3.0,1.0,2.0,5.0,3.0,7.0,4.0,3.0
0.323,4.0,0.0,3.0,1.0,2.0,5.0,3.0,7.0,4.0,3.0
0.324,4.0,0.0,3.0,1.0,2.0,5.0,3.0,7.0,4.0,3.0
0.325,4.0,0.0,3.0,1.0,2.0,5.0,3.0,7.0,4.0,3.0
0.326,4.0,0.0,3.0,1.0,2.0,5.0,3.0,7.0,4.0,3.0
0.327,4.0,0.0,3.0,1.0,2.0,5.0,3.0,7.0,4.0,3.0
0.328,3.0,0.0,3.0,1.0,1.0,6.0,3.0,7.0,4.0,3.0
0.329,3.0,0.0,3.0,1.0,1.0,6.0,3.0,7.0,4.0,3.0
0.33,3.0,0.0,3.0,1.0,1.0,6.0,3.0,7.0,4.0,3.0
0.331,3.0,0.0,3.0,1.0,1.0,6.0,3.0,7.0,4.0,3.0
0.332,2.0,0.0,2.0,2.0,1.0,6.0,3.0,7.0,4.0,3.0
0.333,2.0,0.0,2.0,2.0,1.0,6.0,3.0,7.0,4.0,3.0
0.334,2.0,0.0,2.0,2.0,1.0,6.0,3.0,7.0,4.0,3.0
0.335,2.0,0.0,2.0,2.0,1.0,6.0,3.0,7.0,4.0,3.0
0.336,2.0,0.0,2.0,2.0,1.0,6.0,3.0,7.0,4.0,3.0
0.337,2.0,0.0,2.0,2.0,1.0,6.0,3.0,7.0,4.0,3.0
0.338,2.0,0.0,2.0,2.0,1.0,6.0,3.0,7.0,4.0,3.0
0.339,2.0,0.0,2.0,2.0,1.0,6.0,3.0,7.0,4.0,3.0
0.34,2.0,0.0,2.0,2.0,1.0,6.0,3.0,7.0,4.0,3.0
0.341,2.0,0.0,2.0,2.0,1.0,6.0,3.0,7.0,4.0,3.0
0.342,2.0,0.0,2.0,2.0,1.0,6.0,3.0,7.0,4.0,3.0
0.343,2.0,0.0,2.0,2.0,1.0,6.0,3.0,7.0,4.0,3.0
0.344,2.0,0.0,2.0,2.0,1.0,6.0,3.0,7.0,4.0,3.0
0.345,2.0,0.0,2.0,2.0,1.0,6.0,3.0,7.0,4.0,3.0
0.346,2.0,0.0,2.0,2.0,1.0,6.0,3.0,7.0,4.0,3.0
0.347,2.0,0.0,2.0,2.0,1.0,6.0,3.0,7.0,4.0,3.0
0.348,2.0,0.0,2.0,2.0,1.0,6.0,3.0,7.0,4.0,3.0
0.349,2.0,0.0,2.0,2.0,1.0,6.0,3.0,7.0,4.0,3.0
0.35,2.0,0.0,2.0,2.0,1.0,6.0,3.0,7.0,4.0,3.0
0.351,2.0,0.0,2.0,2.0,1.0,6.0,3.0,7.0,4.0,3.0
0.352,2.0,0.0,2.0,1.0,1.0,5.0,3.0,7.0,4.0,4.0
0.353,2.0,0.0,2.0,1.0,1.0,5.0,3.0,7.0,4.0,4.0
0.354,2.0,0.0,2.0,1.0,1.0,5.0,3.0,7.0,4.0,4.0
0.355,2.0,0.0,2.0,1.0,1.0,5.0,3.0,7.0,4.0,4.0
0.356,2.0,0.0,2.0,1.0,1.0,5.0,3.0,7.0,4.0,4.0
0.357,2.0,0.0,2.0,1.0,1.0,5.0,3.0,7.0,4.0,4.0
0.358,2.0,0.0,2.0,1.0,1.0,5.0,3.0,7.0,4.0,4.0
0.359,2.0,0.0,2.0,1.0,1.0,5.0,3.0,7.0,4.0,4.0
0.36,2.0,0.0,2.0,1.0,1.0,5.0,3.0,7.0,4.0,4.0
0.361,2.0,0.0,2.0,1.0,1.0,5.0,3.0,7.0,4.0,4.0
0.362,2.0,0.0,2.0,1.0,1.0,5.0,3.0,7.0,4.0,4.0
0.363,2.0,0.0,2.0,1.0,1.0,5.0,3.0,7.0,4.0,4.0
0.364,2.0,0.0,2.0,1.0,1.0,5.0,3.0,7.0,4.0,4.0
0.365,2.0,0.0,2.0,1.0,1.0,5.0,3.0,7.0,4.0,4.0
0.366,2.0,0.0,2.0,1.0,1.0,5.0,3.0,7.0,4.0,4.0
0.367,2.0,0.0,2.0,1.0,1.0,5.0,3.0,7.0,4.0,4.0
0.368,2.0,0.0,2.0,1.0,1.0,5.0,3.0,7.0,4.0,4.0
0.369,2.0,0.0,2.0,1.0,1.0,5.0,3.0,7.0,4.0,4.0
0.37,2.0,0.0,2.0,1.0,1.0,5.0,3.0,7.0,4.0,4.0
0.371,2.0,0.0,2.0,1.0,1.0,5.0,3.0,7.0,4.0,4.0
0.372,1.0,0.0,2.0,1.0,1.0,5.0,2.0,8.0,4.0,4.0
0.373,1.0,0.0,2.0,1.0,1.0,5.0,2.0,8.0,4.0,4.0
0.374,1.0,0.0,2.0,1.0,1.0,5.0,2.0,8.0,4.0,4.0
0.375,1.0,0.0,2.0,1.0,1.0,5.0,2.0,8.0,4.0,4.0
0.376,1.0,0.0,2.0,1.0,1.0,5.0,2.0,8.0,4.0,4.0
0.377,1.0,0.0,2.0,1.0,1.0,5.0,2.0,8.0,4.0,4.0
0.378,1.0,0.0,2.0,1.0,1.0,5.0,2.0,8.0,4.0,4.0
0.379,1.0,0.0,2.0,1.0,1.0,5.0,2.0,8.0,4.0,4.0
0.38,1.0,0.0,2.0,1.0,1.0,5.0,2.0,8.0,4.0,4.0
0.381,1.0,0.0,2.0,1.0,1.0,5.0,2.0,8.0,4.0,4.0
0.382,1.0,0.0,2.0,1.0,1.0,5.0,2.0,8.0,4.0,4.0
0.383,1.0,0.0,2.0,1.0,1.0,5.0,2.0,8.0,4.0,4.0
0.384,1.0,0.0,2.0,1.0,1.0,5.0,2.0,8.0,4.0,4.0
0.385,1.0,0.0,2.0,1.0,1.0,5.0,2.0,8.0,4.0,4.0
0.386,1.0,0.0,2.0,1.0,1.0,5.0,2.0,8.0,4.0,4.0
0.387,1.0,0.0,2.0,1.0,1.0,5.0,2.0,8.0,4.0,4.0
0.388,1.0,0.0,2.0,1.0,1.0,5.0,2.0,8.0,4.0,4.0
0.389,1.0,0.0,2.0,1.0,1.0,5.0,2.0,8.0,4.0,4.0
0.39,1.0,0.0,2.0,1.0,1.0,5.0,2.0,8.0,4.0,4.0
0.391,1.0,0.0,2.0,1.0,1.0,5.0,2.0,8.0,4.0,4.0
0.392,1.0,0.0,2.0,1.0,1.0,5.0,2.0,8.0,4.0,4.0
0.393,1.0,0.0,2.0,1.0,1.0,5.0,2.0,8.0,4.0,4.0
0.394,1.0,0.0,2.0,1.0,1.0,5.0,2.0,8.0,4.0,4.0
0.395,1.0,0.0,2.0,1.0,1.0,5.0,2.0,8.0,4.0,4.0
0.396,1.0,0.0,2.0,1.0,1.0,5.0,2.0,8.0,4.0,4.0
0.397,1.0,0.0,2.0,1.0,1.0,5.0,2.0,8.0,4.0,4.0
0.398,1.0,0.0,2.0,1.0,1.0,5.0,2.0,8.0,4.0,4.0
0.399,1.0,0.0,2.0,1.0,1.0,5.0,2.0,8.0,4.0,4.0
0.4,1.0,0.0,2.0,1.0,1.0,5.0,2.0,8.0,4.0,4.0
0.401,1.0,0.0,2.0,1.0,1.0,5.0,2.0,8.0,4.0,4.0
0.402,1.0,0.0,2.0,1.0,1.0,5.0,2.0,8.0,4.0,4.0
0.403,1.0,0.0,2.0,1.0,1.0,5.0,2.0,8.0,4.0,4.0
0.404,1.0,0.0,2.0,1.0,1.0,5.0,2.0,8.0,4.0,4.0
0.405,1.0,0.0,2.0,1.0,1.0,5.0,2.0,8.0,4.0,4.0
0.406,1.0,0.0,2.0,1.0,1.0,5.0,2.0,8.0,4.0,4.0
0.407,1.0,0.0,2.0,1.0,1.0,5.0,2.0,8.0,4.0,4.0
0.408,1.0,0.0,2.0,1.0,1.0,5.0,2.0,8.0,4.0,4.0
0.409,1.0,0.0,2.0,1.0,1.0,5.0,2.0,8.0,4.0,4.0
0.41,1.0,0.0,2.0,1.0,1.0,5.0,2.0,8.0,4.0,4.0
0.411,1.0,0.0,2.0,1.0,1.0,5.0,2.0,8.0,4.0,4.0
0.412,1.0,0.0,2.0,1.0,1.0,5.0,2.0,8.0,4.0,4.0
0.413,1.0,0.0,2.0,1.0,1.0,5.0,2.0,8.0,4.0,4.0
0.414,1.0,0.0,2.0,1.0,1.0,5.0,2.0,8.0,4.0,4.0
0.415,1.0,0.0,2.0,1.0,1.0,5.0,2.0,8.0,4.0,4.0
0.416,1.0,0.0,2.0,1.0,1.0,5.0,2.0,8.0,4.0,4.0
0.417,1.0,0.0,2.0,1.0,1.0,5.0,2.0,8.0,4.0,4.0
0.418,1.0,0.0,2.0,1.0,1.0,5.0,2.0,8.0,4.0,4.0
0.419,1.0,0.0,2.0,1.0,1.0,5.0,2.0,8.0,4.0,4.0
0.42,1.0,0.0,2.0,1.0,1.0,5.0,2.0,8.0,4.0,4.0
0.421,1.0,0.0,2.0,1.0,1.0,5.0,2.0,8.0,4.0,4.0
0.422,1.0,0.0,2.0,1.0,1.0,5.0,2.0,8.0,4.0,4.0
0.423,1.0,0.0,2.0,1.0,1.0,5.0,2.0,8.0,4.0,4.0
0.424,1.0,0.0,2.0,1.0,1.0,5.0,2.0,8.0,4.0,4.0
0.425,1.0,0.0,2.0,1.0,1.0,5.0,2.0,8.0,4.0,4.0
0.426,1.0,0.0,2.0,1.0,1.0,5.0,2.0,8.0,4.0,4.0
0.427,1.0,0.0,2.0,1.0,1.0,5.0,2.0,8.0,4.0,4.0
0.428,1.0,0.0,2.0,1.0,1.0,5.0,2.0,8.0,4.0,4.0
0.429,1.0,0.0,2.0,1.0,1.0,5.0,2.0,8.0,4.0,4.0
0.43,1.0,0.0,2.0,1.0,1.0,5.0,2.0,8.0,4.0,4.0
0.431,1.0,0.0,2.0,1.0,1.0,5.0,2.0,8.0,4.0,4.0
0.432,1.0,0.0,2.0,1.0,1.0,5.0,2.0,8.0,4.0,4.0
0.433,1.0,0.0,2.0,1.0,1.0,5.0,2.0,8.0,4.0,4.0
0.434,1.0,0.0,2.0,1.0,1.0,5.0,2.0,8.0,4.0,4.0
0.435,1.0,0.0,2.0,1.0,1.0,5.0,2.0,8.0,4.0,4.0
0.436,1.0,0.0,2.0,1.0,1.0,5.0,2.0,8.0,4.0,4.0
0.437,1.0,0.0,2.0,1.0,1.0,5.0,2.0,8.0,4.0,4.0
0.438,1.0,0.0,2.0,1.0,1.0,5.0,2.0,8.0,4.0,4.0
0.439,1.0,0.0,2.0,1.0,1.0,5.0,2.0,8.0,4.0,4.0
0.44,1.0,0.0,2.0,1.0,1.0,5.0,2.0,8.0,4.0,4.0
0.441,1.0,0.0,2.0,1.0,1.0,5.0,2.0,8.0,4.0,4.0
0.442,1.0,0.0,2.0,1.0,1.0,5.0,2.0,8.0,4.0,4.0
0.443,1.0,0.0,2.0,1.0,1.0,5.0,2.0,8.0,4.0,4.0
0.444,1.0,0.0,2.0,1.0,1.0,5.0,2.0,8.0,4.0,4.0
0.445,1.0,0.0,2.0,1.0,1.0,5.0,2.0,8.0,4.0,4.0
0.446,1.0,0.0,2.0,1.0,1.0,5.0,2.0,8.0,4.0,4.0
0.447,1.0,0.0,2.0,1.0,1.0,5.0,2.0,8.0,4.0,4.0
0.448,1.0,0.0,2.0,1.0,1.0,5.0,2.0,8.0,4.0,4.0
0.449,1.0,0.0,2.0,1.0,1.0,5.0,2.0,8.0,4.0,4.0
0.45,1.0,0.0,2.0,1.0,1.0,5.0,2.0,8.0,4.0,4.0
0.451,1.0,0.0,2.0,1.0,1.0,5.0,2.0,8.0,4.0,4.0
0.452,1.0,0.0,2.0,1.0,1.0,5.0,2.0,8.0,4.0,4.0
0.453,1.0,0.0,2.0,1.0,1.0,5.0,2.0,8.0,4.0,4.0
0.454,1.0,0.0,2.0,1.0,1.0,5.0,2.0,8.0,4.0,4.0
0.455,1.0,0.0,2.0,1.0,1.0,5.0,2.0,8.0,4.0,4.0
0.456,1.0,0.0,2.0,1.0,1.0,5.0,2.0,8.0,4.0,4.0
0.457,1.0,0.0,2.0,1.0,1.0,5.0,2.0,8.0,4.0,4.0
0.458,1.0,0.0,2.0,1.0,1.0,5.0,2.0,8.0,4.0,4.0
0.459,1.0,0.0,2.0,1.0,1.0,5.0,2.0,8.0,4.0,4.0
0.46,1.0,0.0,2.0,1.0,1.0,5.0,2.0,8.0,4.0,4.0
0.461,1.0,0.0,2.0,1.0,1.0,5.0,2.0,8.0,4.0,4.0
0.462,1.0,0.0,2.0,1.0,1.0,5.0,2.0,8.0,4.0,4.0
0.463,1.0,0.0,2.0,1.0,1.0,5.0,2.0,8.0,4.0,4.0
0.464,1.0,0.0,2.0,1.0,1.0,5.0,2.0,8.0,4.0,4.0
0.465,1.0,0.0,2.0,1.0,1.0,5.0,2.0,8.0,4.0,4.0
0.466,1.0,0.0,2.0,1.0,1.0,5.0,2.0,8.0,4.0,4.0
0.467,1.0,0.0,2.0,1.0,1.0,5.0,2.0,8.0,4.0,4.0
0.468,1.0,0.0,2.0,1.0,1.0,5.0,2.0,8.0,4.0,4.0
0.469,1.0,0.0,2.0,1.0,1.0,5.0,2.0,8.0,4.0,4.0
0.47,1.0,0.0,2.0,1.0,1.0,5.0,2.0,8.0,4.0,4.0
0.471,1.0,0.0,2.0,1.0,1.0,5.0,2.0,8.0,4.0,4.0
0.472,1.0,0.0,2.0,1.0,1.0,5.0,2.0,8.0,4.0,4.0
0.473,1.0,0.0,2.0,1.0,1.0,5.0,2.0,8.0,4.0,4.0
0.474,1.0,0.0,2.0,1.0,1.0,5.0,2.0,8.0,4.0,4.0
0.475,1.0,0.0,2.0,1.0,1.0,5.0,2.0,8.0,4.0,4.0
0.476,1.0,0.0,2.0,1.0,1.0,5.0,2.0,8.0,4.0,4.0
0.477,1.0,0.0,2.0,1.0,1.0,5.0,2.0,8.0,4.0,4.0
0.478,1.0,0.0,2.0,1.0,1.0,5.0,2.0,8.0,4.0,4.0
0.479,1.0,0.0,2.0,1.0,1.0,5.0,2.0,8.0,4.0,4.0
0.48,1.0,0.0,2.0,1.0,1.0,5.0,2.0,8.0,4.0,4.0
0.481,1.0,0.0,2.0,1.0,1.0,5.0,2.0,8.0,4.0,4.0
0.482,1.0,0.0,2.0,1.0,1.0,5.0,2.0,8.0,4.0,4.0
0.483,1.0,0.0,2.0,1.0,1.0,5.0,2.0,8.0,4.0,4.0
0.484,1.0,0.0,2.0,1.0,1.0,5.0,2.0,8.0,4.0,4.0
0.485,1.0,0.0,2.0,1.0,1.0,5.0,2.0,8.0,4.0,4.0
0.486,1.0,0.0,2.0,1.0,1.0,5.0,2.0,8.0,4.0,4.0
0.487,1.0,0.0,2.0,1.0,1.0,5.0,2.0,8.0,4.0,4.0
0.488,1.0,0.0,2.0,1.0,1.0,5.0,2.0,8.0,4.0,4.0
0.489,1.0,0.0,2.0,1.0,1.0,5.0,2.0,8.0,4.0,4.0
0.49,1.0,0.0,2.0,1.0,1.0,5.0,2.0,8.0,4.0,4.0
0.491,1.0,0.0,2.0,1.0,1.0,5.0,2.0,8.0,4.0,4.0
0.492,1.0,0.0,2.0,1.0,1.0,5.0,2.0,8.0,4.0,4.0
0.493,1.0,0.0,2.0,1.0,1.0,5.0,2.0,8.0,4.0,4.0
0.494,1.0,0.0,2.0,1.0,1.0,5.0,2.0,8.0,4.0,4.0
0.495,1.0,0.0,2.0,1.0,1.0,5.0,2.0,8.0,4.0,4.0
0.496,1.0,0.0,2.0,1.0,1.0,5.0,2.0,8.0,4.0,4.0
0.497,1.0,0.0,2.0,1.0,1.0,5.0,2.0,8.0,4.0,4.0
0.498,1.0,0.0,2.0,1.0,1.0,5.0,2.0,8.0,4.0,4.0
0.499,1.0,0.0,2.0,1.0,1.0,5.0,2.0,8.0,4.0,4.0
0.5,1.0,0.0,2.0,1.0,1.0,5.0,2.0,8.0,4.0,4.0
0.501,1.0,0.0,2.0,1.0,1.0,5.0,2.0,8.0,4.0,4.0
0.502,1.0,0.0,2.0,1.0,1.0,5.0,2.0,8.0,4.0,4.0
0.503,1.0,0.0,2.0,1.0,1.0,5.0,2.0,8.0,4.0,4.0
0.504,1.0,0.0,2.0,1.0,1.0,5.0,2.0,8.0,4.0,4.0
0.505,1.0,0.0,2.0,1.0,1.0,5.0,2.0,8.0,4.0,4.0
0.506,1.0,0.0,2.0,1.0,1.0,5.0,2.0,8.0,4.0,4.0
0.507,1.0,0.0,2.0,1.0,1.0,5.0,2.0,8.0,4.0,4.0
0.508,1.0,0.0,2.0,1.0,1.0,5.0,2.0,8.0,4.0,4.0
0.509,1.0,0.0,2.0,1.0,1.0,5.0,2.0,8.0,4.0,4.0
0.51,1.0,0.0,2.0,1.0,1.0,5.0,2.0,8.0,4.0,4.0
0.511,1.0,0.0,2.0,1.0,1.0,5.0,2.0,8.0,4.0,4.0
0.512,1.0,0.0,2.0,1.0,1.0,5.0,2.0,8.0,4.0,4.0
0.513,1.0,0.0,2.0,1.0,1.0,5.0,2.0,8.0,4.0,4.0
0.514,1.0,0.0,2.0,1.0,1.0,5.0,2.0,8.0,4.0,4.0
0.515,1.0,0.0,2.0,1.0,1.0,5.0,2.0,8.0,4.0,4.0
0.516,1.0,0.0,2.0,1.0,1.0,5.0,2.0,8.0,4.0,4.0
0.517,1.0,0.0,2.0,1.0,1.0,5.0,2.0,8.0,4.0,4.0
0.518,1.0,0.0,2.0,1.0,1.0,5.0,2.0,8.0,4.0,4.0
0.519,1.0,0.0,1.0,0.0,1.0,5.0,3.0,8.0,4.0,4.0
0.52,1.0,0.0,1.0,0.0,1.0,5.0,3.0,8.0,4.0,4.0
0.521,1.0,0.0,1.0,0.0,1.0,5.0,3.0,8.0,4.0,4.0
0.522,1.0,0.0,1.0,0.0,1.0,5.0,3.0,8.0,4.0,4.0
0.523,1.0,0.0,1.0,0.0,1.0,5.0,3.0,8.0,4.0,4.0
0.524,1.0,0.0,1.0,0.0,1.0,5.0,3.0,8.0,4.0,4.0
0.525,1.0,0.0,1.0,0.0,1.0,5.0,3.0,8.0,4.0,4.0
0.526,1.0,0.0,1.0,0.0,1.0,5.0,3.0,8.0,4.0,4.0
0.527,1.0,0.0,1.0,0.0,1.0,5.0,3.0,8.0,4.0,4.0
0.528,1.0,0.0,1.0,0.0,1.0,5.0,3.0,8.0,4.0,4.0
0.529,1.0,0.0,1.0,0.0,1.0,5.0,3.0,8.0,4.0,4.0
0.53,1.0,0.0,1.0,0.0,1.0,5.0,3.0,8.0,4.0,4.0
0.531,1.0,0.0,1.0,0.0,1.0,5.0,3.0,8.0,4.0,4.0
0.532,1.0,0.0,1.0,0.0,1.0,5.0,3.0,8.0,4.0,4.0
0.533,1.0,0.0,1.0,0.0,1.0,5.0,3.0,8.0,4.0,4.0
0.534,1.0,0.0,1.0,0.0,1.0,5.0,3.0,8.0,4.0,4.0
0.535,1.0,0.0,1.0,0.0,1.0,5.0,3.0,8.0,4.0,4.0
0.536,1.0,0.0,1.0,0.0,1.0,5.0,3.0,8.0,4.0,4.0
0.537,1.0,0.0,1.0,0.0,1.0,5.0,3.0,8.0,4.0,4.0
0.538,1.0,0.0,1.0,0.0,1.0,5.0,3.0,8.0,4.0,4.0
0.539,1.0,0.0,1.0,0.0,1.0,5.0,3.0,8.0,4.0,4.0
0.54,1.0,0.0,1.0,0.0,1.0,5.0,3.0,8.0,4.0,4.0
0.541,1.0,0.0,1.0,0.0,1.0,5.0,3.0,8.0,4.0,4.0
0.542,1.0,0.0,1.0,0.0,1.0,5.0,3.0,8.0,4.0,4.0
0.543,1.0,0.0,1.0,0.0,1.0,5.0,3.0,8.0,4.0,4.0
0.544,1.0,0.0,1.0,0.0,1.0,5.0,3.0,8.0,4.0,4.0
0.545,1.0,0.0,1.0,0.0,1.0,5.0,3.0,8.0,4.0,4.0
0.546,1.0,0.0,1.0,0.0,1.0,5.0,3.0,8.0,4.0,4.0
0.547,1.0,0.0,1.0,0.0,1.0,5.0,3.0,8.0,4.0,4.0
0.548,1.0,0.0,1.0,0.0,1.0,5.0,3.0,8.0,4.0,4.0
0.549,1.0,0.0,1.0,0.0,1.0,5.0,3.0,8.0,4.0,4.0
0.55,1.0,0.0,1.0,0.0,1.0,5.0,3.0,8.0,4.0,4.0
0.551,1.0,0.0,1.0,0.0,1.0,5.0,3.0,8.0,4.0,4.0
0.552,1.0,0.0,1.0,0.0,1.0,5.0,3.0,8.0,4.0,4.0
0.553,1.0,0.0,1.0,0.0,1.0,5.0,3.0,8.0,4.0,4.0
0.554,1.0,0.0,1.0,0.0,1.0,5.0,3.0,8.0,4.0,4.0
0.555,1.0,0.0,1.0,0.0,1.0,5.0,3.0,8.0,4.0,4.0
0.556,1.0,0.0,1.0,0.0,1.0,5.0,3.0,8.0,4.0,4.0
0.557,1.0,0.0,1.0,0.0,1.0,5.0,3.0,8.0,4.0,4.0
0.558,1.0,0.0,1.0,0.0,1.0,5.0,3.0,8.0,4.0,4.0
0.559,1.0,0.0,1.0,0.0,1.0,5.0,3.0,8.0,4.0,4.0
0.56,1.0,0.0,1.0,0.0,1.0,5.0,3.0,8.0,4.0,4.0
0.561,1.0,0.0,1.0,0.0,1.0,5.0,3.0,8.0,4.0,4.0
0.562,1.0,0.0,1.0,0.0,1.0,5.0,3.0,8.0,4.0,4.0
0.563,1.0,0.0,1.0,0.0,1.0,5.0,3.0,8.0,4.0,4.0
0.564,1.0,0.0,1.0,0.0,1.0,5.0,3.0,8.0,4.0,4.0
0.565,1.0,0.0,1.0,0.0,1.0,5.0,3.0,8.0,4.0,4.0
0.566,1.0,0.0,1.0,0.0,1.0,5.0,3.0,8.0,4.0,4.0
0.567,1.0,0.0,1.0,0.0,1.0,5.0,3.0,8.0,4.0,4.0
0.568,1.0,0.0,1.0,0.0,1.0,5.0,3.0,8.0,4.0,4.0
0.569,1.0,0.0,1.0,0.0,1.0,5.0,3.0,8.0,4.0,4.0
0.57,1.0,0.0,1.0,0.0,1.0,5.0,3.0,8.0,4.0,4.0
0.571,1.0,0.0,1.0,0.0,1.0,5.0,3.0,8.0,4.0,4.0
0.572,1.0,0.0,1.0,0.0,1.0,5.0,3.0,8.0,4.0,4.0
0.573,1.0,0.0,1.0,0.0,1.0,5.0,3.0,8.0,4.0,4.0
0.574,1.0,0.0,1.0,0.0,1.0,5.0,3.0,8.0,4.0,4.0
0.575,1.0,0.0,1.0,0.0,1.0,5.0,3.0,8.0,4.0,4.0
0.576,1.0,0.0,1.0,0.0,1.0,5.0,3.0,8.0,4.0,4.0
0.577,1.0,0.0,1.0,0.0,1.0,5.0,3.0,8.0,4.0,4.0
0.578,1.0,0.0,1.0,0.0,1.0,5.0,3.0,8.0,4.0,4.0
0.579,1.0,0.0,1.0,0.0,1.0,5.0,3.0,8.0,4.0,4.0
0.58,1.0,0.0,1.0,0.0,1.0,5.0,3.0,8.0,4.0,4.0
0.581,1.0,0.0,1.0,0.0,1.0,5.0,3.0,8.0,4.0,4.0
0.582,1.0,0.0,1.0,0.0,1.0,5.0,3.0,8.0,4.0,4.0
0.583,1.0,0.0,1.0,0.0,1.0,5.0,3.0,8.0,4.0,4.0
0.584,1.0,0.0,1.0,0.0,1.0,5.0,3.0,8.0,4.0,4.0
0.585,1.0,0.0,1.0,0.0,1.0,5.0,3.0,8.0,4.0,4.0
0.586,1.0,0.0,1.0,0.0,1.0,5.0,3.0,8.0,4.0,4.0
0.587,1.0,0.0,1.0,0.0,1.0,5.0,3.0,8.0,4.0,4.0
0.588,1.0,0.0,1.0,0.0,1.0,5.0,3.0,8.0,4.0,4.0
0.589,1.0,0.0,1.0,0.0,1.0,5.0,3.0,8.0,4.0,4.0
0.59,1.0,0.0,1.0,0.0,1.0,5.0,3.0,8.0,4.0,4.0
0.591,1.0,0.0,1.0,0.0,1.0,5.0,3.0,8.0,4.0,4.0
0.592,1.0,0.0,1.0,0.0,1.0,5.0,3.0,8.0,4.0,4.0
0.593,1.0,0.0,1.0,0.0,1.0,5.0,3.0,8.0,4.0,4.0
0.594,1.0,0.0,1.0,0.0,1.0,5.0,3.0,8.0,4.0,4.0
0.595,1.0,0.0,1.0,0.0,1.0,5.0,3.0,8.0,4.0,4.0
0.596,1.0,0.0,1.0,0.0,1.0,5.0,3.0,8.0,4.0,4.0
0.597,1.0,0.0,1.0,0.0,1.0,5.0,3.0,8.0,4.0,4.0
0.598,1.0,0.0,1.0,0.0,1.0,5.0,3.0,8.0,4.0,4.0
0.599,1.0,0.0,1.0,0.0,1.0,5.0,3.0,8.0,4.0,4.0
0.6,1.0,0.0,1.0,0.0,1.0,5.0,3.0,8.0,4.0,4.0
0.601,1.0,0.0,1.0,0.0,1.0,5.0,3.0,8.0,4.0,4.0
0.602,1.0,0.0,1.0,0.0,1.0,5.0,3.0,8.0,4.0,4.0
0.603,1.0,0.0,1.0,0.0,1.0,5.0,3.0,8.0,4.0,4.0
0.604,0.0,0.0,1.0,0.0,1.0,5.0,2.0,9.0,4.0,4.0
0.605,0.0,0.0,1.0,0.0,1.0,5.0,2.0,9.0,4.0,4.0
0.606,0.0,0.0,1.0,0.0,1.0,5.0,2.0,9.0,4.0,4.0
0.607,0.0,0.0,1.0,0.0,1.0,5.0,2.0,9.0,4.0,4.0
0.608,0.0,0.0,1.0,0.0,1.0,5.0,2.0,9.0,4.0,4.0
0.609,0.0,0.0,1.0,0.0,1.0,5.0,2.0,9.0,4.0,4.0
0.61,0.0,0.0,1.0,0.0,1.0,5.0,2.0,9.0,4.0,4.0
0.611,0.0,0.0,1.0,0.0,1.0,5.0,2.0,9.0,4.0,4.0
0.612,0.0,0.0,1.0,0.0,1.0,5.0,2.0,9.0,4.0,4.0
0.613,0.0,0.0,1.0,0.0,1.0,5.0,2.0,9.0,4.0,4.0
0.614,0.0,0.0,1.0,0.0,1.0,5.0,2.0,9.0,4.0,4.0
0.615,0.0,0.0,1.0,0.0,1.0,5.0,2.0,9.0,4.0,4.0
0.616,0.0,0.0,1.0,0.0,1.0,5.0,2.0,9.0,4.0,4.0
0.617,0.0,0.0,1.0,0.0,1.0,5.0,2.0,9.0,4.0,4.0
0.618,0.0,0.0,1.0,0.0,1.0,5.0,2.0,9.0,4.0,4.0
0.619,0.0,0.0,1.0,0.0,1.0,5.0,2.0,9.0,4.0,4.0
0.62,0.0,0.0,1.0,0.0,1.0,5.0,2.0,9.0,4.0,4.0
0.621,0.0,0.0,1.0,0.0,1.0,5.0,2.0,9.0,4.0,4.0
0.622,0.0,0.0,1.0,0.0,1.0,5.0,2.0,9.0,4.0,4.0
0.623,0.0,0.0,1.0,0.0,1.0,5.0,2.0,9.0,4.0,4.0
0.624,0.0,0.0,1.0,0.0,1.0,5.0,2.0,9.0,4.0,4.0
0.625,0.0,0.0,1.0,0.0,1.0,5.0,2.0,9.0,4.0,4.0
0.626,0.0,0.0,1.0,0.0,1.0,5.0,2.0,9.0,4.0,4.0
0.627,0.0,0.0,1.0,0.0,1.0,5.0,2.0,9.0,4.0,4.0
0.628,0.0,0.0,1.0,0.0,1.0,5.0,2.0,9.0,4.0,4.0
0.629,0.0,0.0,1.0,0.0,1.0,5.0,2.0,9.0,4.0,4.0
0.63,0.0,0.0,1.0,0.0,1.0,5.0,2.0,9.0,4.0,4.0
0.631,0.0,0.0,1.0,0.0,1.0,5.0,2.0,9.0,4.0,4.0
0.632,0.0,0.0,1.0,0.0,1.0,5.0,2.0,9.0,4.0,4.0
0.633,0.0,0.0,1.0,0.0,1.0,5.0,2.0,9.0,4.0,4.0
0.634,0.0,0.0,1.0,0.0,1.0,5.0,2.0,9.0,4.0,4.0
0.635,0.0,0.0,1.0,0.0,1.0,5.0,2.0,9.0,4.0,4.0
0.636,0.0,0.0,1.0,0.0,1.0,5.0,2.0,9.0,4.0,4.0
0.637,0.0,0.0,1.0,0.0,1.0,5.0,2.0,9.0,4.0,4.0
0.638,0.0,0.0,1.0,0.0,1.0,5.0,2.0,9.0,4.0,4.0
0.639,0.0,0.0,1.0,0.0,1.0,5.0,2.0,9.0,4.0,4.0
0.64,0.0,0.0,1.0,0.0,1.0,5.0,2.0,9.0,4.0,4.0
0.641,0.0,0.0,1.0,0.0,1.0,5.0,2.0,9.0,4.0,4.0
0.642,0.0,0.0,1.0,0.0,1.0,5.0,2.0,9.0,4.0,4.0
0.643,0.0,0.0,1.0,0.0,1.0,5.0,2.0,9.0,4.0,4.0
0.644,0.0,0.0,1.0,0.0,1.0,5.0,2.0,9.0,4.0,4.0
0.645,0.0,0.0,1.0,0.0,1.0,5.0,2.0,9.0,4.0,4.0
0.646,0.0,0.0,1.0,0.0,1.0,5.0,2.0,9.0,4.0,4.0
0.647,0.0,0.0,1.0,0.0,1.0,5.0,2.0,9.0,4.0,4.0
0.648,0.0,0.0,1.0,0.0,1.0,5.0,2.0,9.0,4.0,4.0
0.649,0.0,0.0,1.0,0.0,1.0,5.0,2.0,9.0,4.0,4.0
0.65,0.0,0.0,1.0,0.0,1.0,5.0,2.0,9.0,4.0,4.0
0.651,0.0,0.0,1.0,0.0,1.0,5.0,2.0,9.0,4.0,4.0
0.652,0.0,0.0,1.0,0.0,1.0,5.0,2.0,9.0,4.0,4.0
0.653,0.0,0.0,1.0,0.0,1.0,5.0,2.0,9.0,4.0,4.0
0.654,0.0,0.0,1.0,0.0,1.0,5.0,2.0,9.0,4.0,4.0
0.655,0.0,0.0,1.0,0.0,1.0,5.0,2.0,9.0,4.0,4.0
0.656,0.0,0.0,1.0,0.0,1.0,5.0,2.0,9.0,4.0,4.0
0.657,0.0,0.0,1.0,0.0,1.0,5.0,2.0,9.0,4.0,4.0
0.658,0.0,0.0,1.0,0.0,1.0,5.0,2.0,9.0,4.0,4.0
0.659,0.0,0.0,1.0,0.0,1.0,5.0,2.0,9.0,4.0,4.0
0.66,0.0,0.0,1.0,0.0,1.0,5.0,2.0,9.0,4.0,4.0
0.661,0.0,0.0,1.0,0.0,1.0,5.0,2.0,9.0,4.0,4.0
0.662,0.0,0.0,1.0,0.0,1.0,5.0,2.0,9.0,4.0,4.0
0.663,0.0,0.0,1.0,0.0,1.0,5.0,2.0,9.0,4.0,4.0
0.664,0.0,0.0,1.0,0.0,1.0,5.0,2.0,9.0,4.0,4.0
0.665,0.0,0.0,1.0,0.0,1.0,5.0,2.0,9.0,4.0,4.0
0.666,0.0,0.0,1.0,0.0,1.0,5.0,2.0,9.0,4.0,4.0
0.667,0.0,0.0,1.0,0.0,1.0,5.0,2.0,9.0,4.0,4.0
0.668,0.0,0.0,1.0,0.0,1.0,5.0,2.0,9.0,4.0,4.0
0.669,0.0,0.0,1.0,0.0,1.0,5.0,2.0,9.0,4.0,4.0
0.67,0.0,0.0,1.0,0.0,1.0,5.0,2.0,9.0,4.0,4.0
0.671,0.0,0.0,1.0,0.0,1.0,5.0,2.0,9.0,4.0,4.0
0.672,0.0,0.0,1.0,0.0,1.0,5.0,2.0,9.0,4.0,4.0
0.673,0.0,0.0,1.0,0.0,1.0,5.0,2.0,9.0,4.0,4.0
0.674,0.0,0.0,1.0,0.0,1.0,5.0,2.0,9.0,4.0,4.0
0.675,0.0,0.0,1.0,0.0,1.0,5.0,2.0,9.0,4.0,4.0
0.676,0.0,0.0,1.0,0.0,1.0,5.0,2.0,9.0,4.0,4.0
0.677,0.0,0.0,1.0,0.0,1.0,5.0,2.0,9.0,4.0,4.0
0.678,0.0,0.0,1.0,0.0,1.0,5.0,2.0,9.0,4.0,4.0
0.679,0.0,0.0,1.0,0.0,1.0,5.0,2.0,9.0,4.0,4.0
0.68,0.0,0.0,1.0,0.0,1.0,5.0,2.0,9.0,4.0,4.0
0.681,0.0,0.0,1.0,0.0,1.0,5.0,2.0,9.0,4.0,4.0
0.682,0.0,0.0,1.0,0.0,1.0,5.0,2.0,9.0,4.0,4.0
0.683,0.0,0.0,1.0,0.0,1.0,5.0,2.0,9.0,4.0,4.0
0.684,0.0,0.0,1.0,0.0,1.0,5.0,2.0,9.0,4.0,4.0
0.685,0.0,0.0,1.0,0.0,1.0,5.0,2.0,9.0,4.0,4.0
0.686,0.0,0.0,1.0,0.0,1.0,5.0,2.0,9.0,4.0,4.0
0.687,0.0,0.0,1.0,0.0,1.0,5.0,2.0,9.0,4.0,4.0
0.688,0.0,0.0,1.0,0.0,1.0,5.0,2.0,9.0,4.0,4.0
0.689,0.0,0.0,1.0,0.0,1.0,5.0,2.0,9.0,4.0,4.0
0.69,0.0,0.0,1.0,0.0,1.0,5.0,2.0,9.0,4.0,4.0
0.691,0.0,0.0,1.0,0.0,1.0,5.0,2.0,9.0,4.0,4.0
0.692,0.0,0.0,1.0,0.0,1.0,5.0,2.0,9.0,4.0,4.0
0.693,0.0,0.0,1.0,0.0,1.0,5.0,2.0,9.0,4.0,4.0
0.694,0.0,0.0,1.0,0.0,1.0,5.0,2.0,9.0,4.0,4.0
0.695,0.0,0.0,1.0,0.0,1.0,5.0,2.0,9.0,4.0,4.0
0.696,0.0,0.0,1.0,0.0,1.0,5.0,2.0,9.0,4.0,4.0
0.697,0.0,0.0,1.0,0.0,1.0,5.0,2.0,9.0,4.0,4.0
0.698,0.0,0.0,1.0,0.0,1.0,5.0,2.0,9.0,4.0,4.0
0.699,0.0,0.0,1.0,0.0,1.0,5.0,2.0,9.0,4.0,4.0
0.7,0.0,0.0,1.0,0.0,1.0,5.0,2.0,9.0,4.0,4.0
0.701,0.0,0.0,1.0,0.0,1.0,5.0,2.0,9.0,4.0,4.0
0.702,0.0,0.0,1.0,0.0,1.0,5.0,2.0,9.0,4.0,4.0
0.703,0.0,0.0,1.0,0.0,1.0,5.0,2.0,9.0,4.0,4.0
0.704,0.0,0.0,1.0,0.0,1.0,5.0,2.0,9.0,4.0,4.0
0.705,0.0,0.0,1.0,0.0,1.0,5.0,2.0,9.0,4.0,4.0
0.706,0.0,0.0,1.0,0.0,1.0,5.0,2.0,9.0,4.0,4.0
0.707,0.0,0.0,1.0,0.0,1.0,5.0,2.0,9.0,4.0,4.0
0.708,0.0,0.0,1.0,0.0,1.0,5.0,2.0,9.0,4.0,4.0
0.709,0.0,0.0,1.0,0.0,1.0,5.0,2.0,9.0,4.0,4.0
0.71,0.0,0.0,1.0,0.0,1.0,5.0,2.0,9.0,4.0,4.0
0.711,0.0,0.0,1.0,0.0,1.0,5.0,2.0,9.0,4.0,4.0
0.712,0.0,0.0,1.0,0.0,1.0,5.0,2.0,9.0,4.0,4.0
0.713,0.0,0.0,1.0,0.0,1.0,5.0,2.0,9.0,4.0,4.0
0.714,0.0,0.0,1.0,0.0,1.0,5.0,2.0,9.0,4.0,4.0
0.715,0.0,0.0,1.0,0.0,1.0,5.0,2.0,9.0,4.0,4.0
0.716,0.0,0.0,1.0,0.0,1.0,5.0,2.0,9.0,4.0,4.0
0.717,0.0,0.0,1.0,0.0,1.0,5.0,2.0,9.0,4.0,4.0
0.718,0.0,0.0,1.0,0.0,1.0,5.0,2.0,9.0,4.0,4.0
0.719,0.0,0.0,1.0,0.0,1.0,5.0,2.0,9.0,4.0,4.0
0.72,0.0,0.0,1.0,0.0,1.0,5.0,2.0,9.0,4.0,4.0
0.721,0.0,0.0,1.0,0.0,1.0,5.0,2.0,9.0,4.0,4.0
0.722,0.0,0.0,1.0,0.0,1.0,5.0,2.0,9.0,4.0,4.0
0.723,0.0,0.0,1.0,0.0,1.0,5.0,2.0,9.0,4.0,4.0
0.724,0.0,0.0,1.0,0.0,1.0,5.0,2.0,9.0,4.0,4.0
0.725,0.0,0.0,1.0,0.0,1.0,5.0,2.0,9.0,4.0,4.0
0.726,0.0,0.0,1.0,0.0,1.0,5.0,2.0,9.0,4.0,4.0
0.727,0.0,0.0,1.0,0.0,1.0,5.0,2.0,9.0,4.0,4.0
0.728,0.0,0.0,1.0,0.0,1.0,5.0,2.0,9.0,4.0,4.0
0.729,0.0,0.0,1.0,0.0,1.0,5.0,2.0,9.0,4.0,4.0
0.73,0.0,0.0,1.0,0.0,1.0,5.0,2.0,9.0,4.0,4.0
0.731,0.0,0.0,1.0,0.0,1.0,5.0,2.0,9.0,4.0,4.0
0.732,0.0,0.0,1.0,0.0,1.0,5.0,2.0,9.0,4.0,4.0
0.733,0.0,0.0,1.0,0.0,1.0,5.0,2.0,9.0,4.0,4.0
0.734,0.0,0.0,1.0,0.0,1.0,5.0,2.0,9.0,4.0,4.0
0.735,0.0,0.0,1.0,0.0,1.0,5.0,2.0,9.0,4.0,4.0
0.736,0.0,0.0,1.0,0.0,1.0,5.0,2.0,9.0,4.0,4.0
0.737,0.0,0.0,1.0,0.0,1.0,5.0,2.0,9.0,4.0,4.0
0.738,0.0,0.0,1.0,0.0,1.0,5.0,2.0,9.0,4.0,4.0
0.739,0.0,0.0,1.0,0.0,1.0,5.0,2.0,9.0,4.0,4.0
0.74,0.0,0.0,1.0,0.0,1.0,5.0,2.0,9.0,4.0,4.0
0.741,0.0,0.0,1.0,0.0,1.0,5.0,2.0,9.0,4.0,4.0
0.742,0.0,0.0,1.0,0.0,1.0,5.0,2.0,9.0,4.0,4.0
0.743,0.0,0.0,1.0,0.0,1.0,5.0,2.0,9.0,4.0,4.0
0.744,0.0,0.0,1.0,0.0,1.0,5.0,2.0,9.0,4.0,4.0
0.745,0.0,0.0,1.0,0.0,1.0,5.0,2.0,9.0,4.0,4.0
0.746,0.0,0.0,1.0,0.0,1.0,5.0,2.0,9.0,4.0,4.0
0.747,0.0,0.0,1.0,0.0,1.0,5.0,2.0,9.0,4.0,4.0
0.748,0.0,0.0,1.0,0.0,1.0,5.0,2.0,9.0,4.0,4.0
0.749,0.0,0.0,1.0,0.0,1.0,5.0,2.0,9.0,4.0,4.0
0.75,0.0,0.0,1.0,0.0,1.0,5.0,2.0,9.0,4.0,4.0
0.751,0.0,0.0,1.0,0.0,1.0,5.0,2.0,9.0,4.0,4.0
0.752,0.0,0.0,1.0,0.0,1.0,5.0,2.0,9.0,4.0,4.0
0.753,0.0,0.0,1.0,0.0,1.0,5.0,2.0,9.0,4.0,4.0
0.754,0.0,0.0,1.0,0.0,1.0,5.0,2.0,9.0,4.0,4.0
0.755,0.0,0.0,1.0,0.0,1.0,5.0,2.0,9.0,4.0,4.0
0.756,0.0,0.0,1.0,0.0,1.0,5.0,2.0,9.0,4.0,4.0
0.757,0.0,0.0,1.0,0.0,1.0,5.0,2.0,9.0,4.0,4.0
0.758,0.0,0.0,1.0,0.0,1.0,5.0,2.0,9.0,4.0,4.0
0.759,0.0,0.0,1.0,0.0,1.0,5.0,2.0,9.0,4.0,4.0
0.76,0.0,0.0,1.0,0.0,1.0,5.0,2.0,9.0,4.0,4.0
0.761,0.0,0.0,1.0,0.0,1.0,5.0,2.0,9.0,4.0,4.0
0.762,0.0,0.0,1.0,0.0,1.0,5.0,2.0,9.0,4.0,4.0
0.763,0.0,0.0,1.0,0.0,1.0,5.0,2.0,9.0,4.0,4.0
0.764,0.0,0.0,1.0,0.0,1.0,5.0,2.0,9.0,4.0,4.0
0.765,0.0,0.0,1.0,0.0,1.0,5.0,2.0,9.0,4.0,4.0
0.766,0.0,0.0,1.0,0.0,1.0,5.0,2.0,9.0,4.0,4.0
0.767,0.0,0.0,1.0,0.0,1.0,5.0,2.0,9.0,4.0,4.0
0.768,0.0,0.0,1.0,0.0,1.0,5.0,2.0,9.0,4.0,4.0
0.769,0.0,0.0,1.0,0.0,1.0,5.0,2.0,9.0,4.0,4.0
0.77,0.0,0.0,1.0,0.0,1.0,5.0,2.0,9.0,4.0,4.0
0.771,0.0,0.0,1.0,0.0,1.0,5.0,2.0,9.0,4.0,4.0
0.772,0.0,0.0,1.0,0.0,1.0,5.0,2.0,9.0,4.0,4.0
0.773,0.0,0.0,1.0,0.0,1.0,5.0,2.0,9.0,4.0,4.0
0.774,0.0,0.0,1.0,0.0,1.0,5.0,2.0,9.0,4.0,4.0
0.775,0.0,0.0,1.0,0.0,1.0,5.0,2.0,9.0,4.0,4.0
0.776,0.0,0.0,1.0,0.0,1.0,5.0,2.0,9.0,4.0,4.0
0.777,0.0,0.0,1.0,0.0,1.0,5.0,2.0,9.0,4.0,4.0
0.778,0.0,0.0,1.0,0.0,1.0,5.0,2.0,9.0,4.0,4.0
0.779,0.0,0.0,1.0,0.0,1.0,5.0,2.0,9.0,4.0,4.0
0.78,0.0,0.0,1.0,0.0,1.0,5.0,2.0,9.0,4.0,4.0
0.781,0.0,0.0,1.0,0.0,1.0,5.0,2.0,9.0,4.0,4.0
0.782,0.0,0.0,1.0,0.0,1.0,5.0,2.0,9.0,4.0,4.0
0.783,0.0,0.0,1.0,0.0,1.0,5.0,2.0,9.0,4.0,4.0
0.784,0.0,0.0,1.0,0.0,1.0,5.0,2.0,9.0,4.0,4.0
0.785,0.0,0.0,0.0,0.0,1.0,5.0,1.0,9.0,4.0,5.0
0.786,0.0,0.0,0.0,0.0,1.0,5.0,1.0,9.0,4.0,5.0
0.787,0.0,0.0,0.0,0.0,1.0,5.0,1.0,9.0,4.0,5.0
0.788,0.0,0.0,0.0,0.0,1.0,5.0,1.0,9.0,4.0,5.0
0.789,0.0,0.0,0.0,0.0,1.0,5.0,1.0,9.0,4.0,5.0
0.79,0.0,0.0,0.0,0.0,1.0,5.0,1.0,9.0,4.0,5.0
0.791,0.0,0.0,0.0,0.0,1.0,5.0,1.0,9.0,4.0,5.0
0.792,0.0,0.0,0.0,0.0,1.0,5.0,1.0,9.0,4.0,5.0
0.793,0.0,0.0,0.0,0.0,1.0,5.0,1.0,9.0,4.0,5.0
0.794,0.0,0.0,0.0,0.0,1.0,5.0,1.0,9.0,4.0,5.0
0.795,0.0,0.0,0.0,0.0,1.0,5.0,1.0,9.0,4.0,5.0
0.796,0.0,0.0,0.0,0.0,1.0,5.0,1.0,9.0,4.0,5.0
0.797,0.0,0.0,0.0,0.0,1.0,5.0,1.0,9.0,4.0,5.0
0.798,0.0,0.0,0.0,0.0,1.0,5.0,1.0,9.0,4.0,5.0
0.799,0.0,0.0,0.0,0.0,1.0,5.0,1.0,9.0,4.0,5.0
0.8,0.0,0.0,0.0,0.0,1.0,5.0,1.0,9.0,4.0,5.0
0.801,0.0,0.0,0.0,0.0,1.0,5.0,1.0,9.0,4.0,5.0
0.802,0.0,0.0,0.0,0.0,1.0,5.0,1.0,9.0,4.0,5.0
0.803,0.0,0.0,0.0,0.0,1.0,5.0,1.0,9.0,4.0,5.0
0.804,0.0,0.0,0.0,0.0,1.0,5.0,1.0,9.0,4.0,5.0
0.805,0.0,0.0,0.0,0.0,1.0,5.0,1.0,9.0,4.0,5.0
0.806,0.0,0.0,0.0,0.0,1.0,5.0,1.0,9.0,4.0,5.0
0.807,0.0,0.0,0.0,0.0,1.0,5.0,1.0,9.0,4.0,5.0
0.808,0.0,0.0,0.0,0.0,1.0,5.0,1.0,9.0,4.0,5.0
0.809,0.0,0.0,0.0,0.0,1.0,5.0,1.0,9.0,4.0,5.0
0.81,0.0,0.0,0.0,0.0,1.0,5.0,1.0,9.0,4.0,5.0
0.811,0.0,0.0,0.0,0.0,1.0,5.0,1.0,9.0,4.0,5.0
0.812,0.0,0.0,0.0,0.0,1.0,5.0,1.0,9.0,4.0,5.0
0.813,0.0,0.0,0.0,0.0,1.0,5.0,1.0,9.0,4.0,5.0
0.814,0.0,0.0,0.0,0.0,1.0,5.0,1.0,9.0,4.0,5.0
0.815,0.0,0.0,0.0,0.0,1.0,5.0,1.0,9.0,4.0,5.0
0.816,0.0,0.0,0.0,0.0,1.0,5.0,1.0,9.0,4.0,5.0
0.817,0.0,0.0,0.0,0.0,1.0,5.0,1.0,9.0,4.0,5.0
0.818,0.0,0.0,0.0,0.0,1.0,5.0,1.0,9.0,4.0,5.0
0.819,0.0,0.0,0.0,0.0,1.0,5.0,1.0,9.0,4.0,5.0
0.82,0.0,0.0,0.0,0.0,1.0,5.0,1.0,9.0,4.0,5.0
0.821,0.0,0.0,0.0,0.0,1.0,5.0,1.0,9.0,4.0,5.0
0.822,0.0,0.0,0.0,0.0,1.0,5.0,1.0,9.0,4.0,5.0
0.823,0.0,0.0,0.0,0.0,1.0,5.0,1.0,9.0,4.0,5.0
0.824,0.0,0.0,0.0,0.0,1.0,5.0,1.0,9.0,4.0,5.0
0.825,0.0,0.0,0.0,0.0,1.0,5.0,1.0,9.0,4.0,5.0
0.826,0.0,0.0,0.0,0.0,1.0,5.0,1.0,9.0,4.0,5.0
0.827,0.0,0.0,0.0,0.0,1.0,5.0,1.0,9.0,4.0,5.0
0.828,0.0,0.0,0.0,0.0,1.0,5.0,1.0,9.0,4.0,5.0
0.829,0.0,0.0,0.0,0.0,1.0,5.0,1.0,9.0,4.0,5.0
0.83,0.0,0.0,0.0,0.0,1.0,5.0,1.0,9.0,4.0,5.0
0.831,0.0,0.0,0.0,0.0,1.0,5.0,1.0,9.0,4.0,5.0
0.832,0.0,0.0,0.0,0.0,1.0,5.0,1.0,9.0,4.0,5.0
0.833,0.0,0.0,0.0,0.0,1.0,5.0,1.0,9.0,4.0,5.0
0.834,0.0,0.0,0.0,0.0,1.0,5.0,1.0,9.0,4.0,5.0
0.835,0.0,0.0,0.0,0.0,1.0,5.0,1.0,9.0,4.0,5.0
0.836,0.0,0.0,0.0,0.0,1.0,5.0,1.0,9.0,4.0,5.0
0.837,0.0,0.0,0.0,0.0,1.0,5.0,1.0,9.0,4.0,5.0
0.838,0.0,0.0,0.0,0.0,1.0,5.0,1.0,9.0,4.0,5.0
0.839,0.0,0.0,0.0,0.0,1.0,5.0,1.0,9.0,4.0,5.0
0.84,0.0,0.0,0.0,0.0,1.0,5.0,1.0,9.0,4.0,5.0
0.841,0.0,0.0,0.0,0.0,1.0,5.0,1.0,9.0,4.0,5.0
0.842,0.0,0.0,0.0,0.0,1.0,5.0,1.0,9.0,4.0,5.0
0.843,0.0,0.0,0.0,0.0,1.0,5.0,1.0,9.0,4.0,5.0
0.844,0.0,0.0,0.0,0.0,1.0,5.0,1.0,9.0,4.0,5.0
0.845,0.0,0.0,0.0,0.0,1.0,5.0,1.0,9.0,4.0,5.0
0.846,0.0,0.0,0.0,0.0,1.0,5.0,1.0,9.0,4.0,5.0
0.847,0.0,0.0,0.0,0.0,1.0,5.0,1.0,9.0,4.0,5.0
0.848,0.0,0.0,0.0,0.0,1.0,5.0,1.0,9.0,4.0,5.0
0.849,0.0,0.0,0.0,0.0,1.0,5.0,1.0,9.0,4.0,5.0
0.85,0.0,0.0,0.0,0.0,1.0,5.0,1.0,9.0,4.0,5.0
0.851,0.0,0.0,0.0,0.0,1.0,5.0,1.0,9.0,4.0,5.0
0.852,0.0,0.0,0.0,0.0,1.0,5.0,1.0,9.0,4.0,5.0
0.853,0.0,0.0,0.0,0.0,1.0,5.0,1.0,9.0,4.0,5.0
0.854,0.0,0.0,0.0,0.0,1.0,5.0,1.0,9.0,4.0,5.0
0.855,0.0,0.0,0.0,0.0,1.0,5.0,1.0,9.0,4.0,5.0
0.856,0.0,0.0,0.0,0.0,1.0,5.0,1.0,9.0,4.0,5.0
0.857,0.0,0.0,0.0,0.0,1.0,5.0,1.0,9.0,4.0,5.0
0.858,0.0,0.0,0.0,0.0,1.0,5.0,1.0,9.0,4.0,5.0
0.859,0.0,0.0,0.0,0.0,1.0,5.0,1.0,9.0,4.0,5.0
0.86,0.0,0.0,0.0,0.0,1.0,5.0,1.0,9.0,4.0,5.0
0.861,0.0,0.0,0.0,0.0,1.0,5.0,1.0,9.0,4.0,5.0
0.862,0.0,0.0,0.0,0.0,1.0,5.0,1.0,9.0,4.0,5.0
0.863,0.0,0.0,0.0,0.0,1.0,5.0,1.0,9.0,4.0,5.0
0.864,0.0,0.0,0.0,0.0,1.0,5.0,1.0,9.0,4.0,5.0
0.865,0.0,0.0,0.0,0.0,1.0,5.0,1.0,9.0,4.0,5.0
0.866,0.0,0.0,0.0,0.0,1.0,5.0,1.0,9.0,4.0,5.0
0.867,0.0,0.0,0.0,0.0,1.0,5.0,1.0,9.0,4.0,5.0
0.868,0.0,0.0,0.0,0.0,1.0,5.0,1.0,9.0,4.0,5.0
0.869,0.0,0.0,0.0,0.0,1.0,5.0,1.0,9.0,4.0,5.0
0.87,0.0,0.0,0.0,0.0,1.0,5.0,1.0,9.0,4.0,5.0
0.871,0.0,0.0,0.0,0.0,1.0,5.0,1.0,9.0,4.0,5.0
0.872,0.0,0.0,0.0,0.0,1.0,5.0,1.0,9.0,4.0,5.0
0.873,0.0,0.0,0.0,0.0,1.0,5.0,1.0,9.0,4.0,5.0
0.874,0.0,0.0,0.0,0.0,1.0,5.0,1.0,9.0,4.0,5.0
0.875,0.0,0.0,0.0,0.0,1.0,5.0,1.0,9.0,4.0,5.0
0.876,0.0,0.0,0.0,0.0,1.0,5.0,1.0,9.0,4.0,5.0
0.877,0.0,0.0,0.0,0.0,1.0,5.0,1.0,9.0,4.0,5.0
0.878,0.0,0.0,0.0,0.0,1.0,5.0,1.0,9.0,4.0,5.0
0.879,0.0,0.0,0.0,0.0,1.0,5.0,1.0,9.0,4.0,5.0
0.88,0.0,0.0,0.0,0.0,1.0,5.0,1.0,9.0,4.0,5.0
0.881,0.0,0.0,0.0,0.0,1.0,5.0,1.0,9.0,4.0,5.0
0.882,0.0,0.0,0.0,0.0,1.0,5.0,1.0,9.0,4.0,5.0
0.883,0.0,0.0,0.0,0.0,1.0,5.0,1.0,9.0,4.0,5.0
0.884,0.0,0.0,0.0,0.0,1.0,5.0,1.0,9.0,4.0,5.0
0.885,0.0,0.0,0.0,0.0,1.0,5.0,1.0,9.0,4.0,5.0
0.886,0.0,0.0,0.0,0.0,1.0,5.0,1.0,9.0,4.0,5.0
0.887,0.0,0.0,0.0,0.0,1.0,5.0,1.0,9.0,4.0,5.0
0.888,0.0,0.0,0.0,0.0,1.0,5.0,1.0,9.0,4.0,5.0
0.889,0.0,0.0,0.0,0.0,1.0,5.0,1.0,9.0,4.0,5.0
0.89,0.0,0.0,0.0,0.0,1.0,5.0,1.0,9.0,4.0,5.0
0.891,0.0,0.0,0.0,0.0,1.0,5.0,1.0,9.0,4.0,5.0
0.892,0.0,0.0,0.0,0.0,1.0,5.0,1.0,9.0,4.0,5.0
0.893,0.0,0.0,0.0,0.0,1.0,5.0,1.0,9.0,4.0,5.0
0.894,0.0,0.0,0.0,0.0,1.0,5.0,1.0,9.0,4.0,5.0
0.895,0.0,0.0,0.0,0.0,1.0,5.0,1.0,9.0,4.0,5.0
0.896,0.0,0.0,0.0,0.0,1.0,5.0,1.0,9.0,4.0,5.0
0.897,0.0,0.0,0.0,0.0,1.0,5.0,1.0,9.0,4.0,5.0
0.898,0.0,0.0,0.0,0.0,1.0,5.0,1.0,9.0,4.0,5.0
0.899,0.0,0.0,0.0,0.0,1.0,5.0,1.0,9.0,4.0,5.0
0.9,0.0,0.0,0.0,0.0,1.0,5.0,1.0,9.0,4.0,5.0
0.901,0.0,0.0,0.0,0.0,1.0,5.0,1.0,9.0,4.0,5.0
0.902,0.0,0.0,0.0,0.0,1.0,5.0,1.0,9.0,4.0,5.0
0.903,0.0,0.0,0.0,0.0,1.0,5.0,1.0,9.0,4.0,5.0
0.904,0.0,0.0,0.0,0.0,1.0,5.0,1.0,9.0,4.0,5.0
0.905,0.0,0.0,0.0,0.0,1.0,5.0,1.0,9.0,4.0,5.0
0.906,0.0,0.0,0.0,0.0,1.0,5.0,1.0,9.0,4.0,5.0
0.907,0.0,0.0,0.0,0.0,1.0,5.0,1.0,9.0,4.0,5.0
0.908,0.0,0.0,0.0,0.0,1.0,5.0,1.0,9.0,4.0,5.0
0.909,0.0,0.0,0.0,0.0,1.0,5.0,1.0,9.0,4.0,5.0
0.91,0.0,0.0,0.0,0.0,1.0,5.0,1.0,9.0,4.0,5.0
0.911,0.0,0.0,0.0,0.0,1.0,5.0,1.0,9.0,4.0,5.0
0.912,0.0,0.0,0.0,0.0,1.0,5.0,1.0,9.0,4.0,5.0
0.913,0.0,0.0,0.0,0.0,1.0,5.0,1.0,9.0,4.0,5.0
0.914,0.0,0.0,0.0,0.0,1.0,5.0,1.0,9.0,4.0,5.0
0.915,0.0,0.0,0.0,0.0,1.0,5.0,1.0,9.0,4.0,5.0
0.916,0.0,0.0,0.0,0.0,1.0,5.0,1.0,9.0,4.0,5.0
0.917,0.0,0.0,0.0,0.0,1.0,5.0,1.0,9.0,4.0,5.0
0.918,0.0,0.0,0.0,0.0,1.0,5.0,1.0,9.0,4.0,5.0
0.919,0.0,0.0,0.0,0.0,1.0,5.0,1.0,9.0,4.0,5.0
0.92,0.0,0.0,0.0,0.0,1.0,5.0,1.0,9.0,4.0,5.0
0.921,0.0,0.0,0.0,0.0,1.0,5.0,1.0,9.0,4.0,5.0
0.922,0.0,0.0,0.0,0.0,1.0,5.0,1.0,9.0,4.0,5.0
0.923,0.0,0.0,0.0,0.0,1.0,5.0,1.0,9.0,4.0,5.0
0.924,0.0,0.0,0.0,0.0,1.0,5.0,1.0,9.0,4.0,5.0
0.925,0.0,0.0,0.0,0.0,1.0,5.0,1.0,9.0,4.0,5.0
0.926,0.0,0.0,0.0,0.0,1.0,5.0,1.0,9.0,4.0,5.0
0.927,0.0,0.0,0.0,0.0,1.0,5.0,1.0,9.0,4.0,5.0
0.928,0.0,0.0,0.0,0.0,1.0,5.0,1.0,9.0,4.0,5.0
0.929,0.0,0.0,0.0,0.0,1.0,5.0,1.0,9.0,4.0,5.0
0.93,0.0,0.0,0.0,0.0,1.0,5.0,1.0,9.0,4.0,5.0
0.931,0.0,0.0,0.0,0.0,1.0,5.0,1.0,9.0,4.0,5.0
0.932,0.0,0.0,0.0,0.0,1.0,5.0,1.0,9.0,4.0,5.0
0.933,0.0,0.0,0.0,0.0,1.0,5.0,1.0,9.0,4.0,5.0
0.934,0.0,0.0,0.0,0.0,1.0,5.0,1.0,9.0,4.0,5.0
0.935,0.0,0.0,0.0,0.0,1.0,5.0,1.0,9.0,4.0,5.0
0.936,0.0,0.0,0.0,0.0,1.0,5.0,1.0,9.0,4.0,5.0
0.937,0.0,0.0,0.0,0.0,1.0,5.0,1.0,9.0,4.0,5.0
0.938,0.0,0.0,0.0,0.0,1.0,5.0,1.0,9.0,4.0,5.0
0.939,0.0,0.0,0.0,0.0,1.0,5.0,1.0,9.0,4.0,5.0
0.94,0.0,0.0,0.0,0.0,1.0,5.0,1.0,9.0,4.0,5.0
0.941,0.0,0.0,0.0,0.0,1.0,5.0,1.0,9.0,4.0,5.0
0.942,0.0,0.0,0.0,0.0,1.0,5.0,1.0,9.0,4.0,5.0
0.943,0.0,0.0,0.0,0.0,1.0,5.0,1.0,9.0,4.0,5.0
0.944,0.0,0.0,0.0,0.0,1.0,5.0,1.0,9.0,4.0,5.0
0.945,0.0,0.0,0.0,0.0,1.0,5.0,1.0,9.0,4.0,5.0
0.946,0.0,0.0,0.0,0.0,1.0,5.0,1.0,9.0,4.0,5.0
0.947,0.0,0.0,0.0,0.0,1.0,5.0,1.0,9.0,4.0,5.0
0.948,0.0,0.0,0.0,0.0,1.0,5.0,1.0,9.0,4.0,5.0
0.949,0.0,0.0,0.0,0.0,1.0,5.0,1.0,9.0,4.0,5.0
0.95,0.0,0.0,0.0,0.0,1.0,5.0,1.0,9.0,4.0,5.0
0.951,0.0,0.0,0.0,0.0,1.0,5.0,1.0,9.0,4.0,5.0
0.952,0.0,0.0,0.0,0.0,1.0,5.0,1.0,9.0,4.0,5.0
0.953,0.0,0.0,0.0,0.0,1.0,5.0,1.0,9.0,4.0,5.0
0.954,0.0,0.0,0.0,0.0,1.0,5.0,1.0,9.0,4.0,5.0
0.955,0.0,0.0,0.0,0.0,1.0,5.0,1.0,9.0,4.0,5.0
0.956,0.0,0.0,0.0,0.0,1.0,5.0,1.0,9.0,4.0,5.0
0.957,0.0,0.0,0.0,0.0,1.0,5.0,1.0,9.0,4.0,5.0
0.958,0.0,0.0,0.0,0.0,1.0,5.0,1.0,9.0,4.0,5.0
0.959,0.0,0.0,0.0,0.0,1.0,5.0,1.0,9.0,4.0,5.0
0.96,0.0,0.0,0.0,0.0,1.0,5.0,1.0,9.0,4.0,5.0
0.961,1.0,0.0,0.0,0.0,2.0,4.0,1.0,9.0,4.0,5.0
0.962,1.0,0.0,0.0,0.0,2.0,4.0,1.0,9.0,4.0,5.0
0.963,1.0,0.0,0.0,0.0,2.0,4.0,1.0,9.0,4.0,5.0
0.964,1.0,0.0,0.0,0.0,2.0,4.0,1.0,9.0,4.0,5.0
0.965,1.0,0.0,0.0,0.0,2.0,4.0,1.0,9.0,4.0,5.0
0.966,1.0,0.0,0.0,0.0,2.0,4.0,1.0,9.0,4.0,5.0
0.967,1.0,0.0,0.0,0.0,2.0,4.0,1.0,9.0,4.0,5.0
0.968,1.0,0.0,0.0,0.0,2.0,4.0,1.0,9.0,4.0,5.0
0.969,1.0,0.0,0.0,0.0,2.0,4.0,1.0,9.0,4.0,5.0
0.97,1.0,0.0,0.0,0.0,2.0,4.0,1.0,9.0,4.0,5.0
0.971,1.0,0.0,0.0,0.0,2.0,4.0,1.0,9.0,4.0,5.0
0.972,1.0,0.0,0.0,0.0,2.0,4.0,1.0,9.0,4.0,5.0
0.973,1.0,0.0,0.0,0.0,2.0,4.0,1.0,9.0,4.0,5.0
0.974,1.0,0.0,0.0,0.0,2.0,4.0,1.0,9.0,4.0,5.0
0.975,1.0,0.0,0.0,0.0,2.0,4.0,1.0,9.0,4.0,5.0
0.976,1.0,0.0,0.0,0.0,2.0,4.0,1.0,9.0,4.0,5.0
0.977,1.0,0.0,0.0,0.0,2.0,4.0,1.0,9.0,4.0,5.0
0.978,1.0,0.0,0.0,0.0,2.0,4.0,1.0,9.0,4.0,5.0
0.979,1.0,0.0,0.0,0.0,2.0,4.0,1.0,9.0,4.0,5.0
0.98,1.0,0.0,0.0,0.0,2.0,4.0,1.0,9.0,4.0,5.0
0.981,1.0,0.0,0.0,0.0,2.0,4.0,1.0,9.0,4.0,5.0
0.982,1.0,0.0,0.0,0.0,2.0,4.0,1.0,9.0,4.0,5.0
0.983,1.0,0.0,0.0,0.0,2.0,4.0,1.0,9.0,4.0,5.0
0.984,1.0,0.0,0.0,0.0,2.0,4.0,1.0,9.0,4.0,5.0
0.985,1.0,0.0,0.0,0.0,2.0,4.0,1.0,9.0,4.0,5.0
0.986,1.0,0.0,0.0,0.0,2.0,4.0,1.0,9.0,4.0,5.0
0.987,1.0,0.0,0.0,0.0,2.0,4.0,1.0,9.0,4.0,5.0
0.988,1.0,0.0,0.0,0.0,2.0,4.0,1.0,9.0,4.0,5.0
0.989,1.0,0.0,0.0,0.0,2.0,4.0,1.0,9.0,4.0,5.0
0.99,1.0,0.0,0.0,0.0,2.0,4.0,1.0,9.0,4.0,5.0
0.991,1.0,0.0,0.0,0.0,2.0,4.0,1.0,9.0,4.0,5.0
0.992,1.0,0.0,0.0,0.0,2.0,4.0,1.0,9.0,4.0,5.0
0.993,1.0,0.0,0.0,0.0,2.0,4.0,1.0,9.0,4.0,5.0
0.994,1.0,0.0,0.0,0.0,2.0,4.0,1.0,9.0,4.0,5.0
0.995,1.0,0.0,0.0,0.0,2.0,4.0,1.0,9.0,4.0,5.0
0.996,1.0,0.0,0.0,0.0,2.0,4.0,1.0,9.0,4.0,5.0
0.997,1.0,0.0,0.0,0.0,2.0,4.0,1.0,9.0,4.0,5.0
0.998,1.0,0.0,0.0,0.0,2.0,4.0,1.0,9.0,4.0,5.0
0.999,1.0,0.0,0.0,0.0,2.0,4.0,1.0,9.0,4.0,5.0
1.0,1.0,0.0,0.0,0.0,2.0,4.0,1.0,9.0,4.0,5.0
